title,link,time,source,content,date,id
东京女孩感染变异新冠病毒 或已存在社区感染,https://www.sohu.com/a/446284822_123753?spm=smpc.sub-channel.fd-news.1.1611374159318OAEUMi5,2021-01-23 11:30,中国新闻网,<p>中新网1月23日电 综合报道，当地时间22日，日本厚生劳动省发布消息称，东京都一名不到10岁的女孩感染了在英国发现的变异新冠病毒。该女孩不曾前往英国，且未发现接触过曾在英国逗留的人。厚生劳动省表示“有可能是社区感染”，正在调查其感染路径。</p><p>据报道，东京都一名未满10岁的女孩感染了在英国发现的变异新冠病毒。她是东京一名40多岁男性的密切接触者，该男性1月15日发病，接受检查后确诊，女孩经过检查19日确诊。</p><p>日本国立感染症研究所进行病毒基因分析发现，女孩染上的是英国发现的变异新冠病毒，但无症状。</p><p>日本共同社援引日本厚生劳动省的话称，日本可能已经暴发此种变异病毒的社区感染。</p><p>不过，至今为止，日本当局在东京都内的1400多份检测样本中，没有发现其他的变异病毒感染病例，厚劳省负责人表示“不认为感染范围正在扩大”。</p>,2021-01-23 11:30:00,0
塞尔维亚卫生部：民众疫苗接种热情超预期,https://www.sohu.com/a/446284545_162758?spm=smpc.sub-channel.fd-news.8.1611374159318OAEUMi5,2021-01-23 11:30,光明网,<p>据塞尔维亚卫生部22日公布的数据，塞尔维亚累计新冠肺炎确诊病例超过38万例，死亡率为1.01%。</p><p>视频截图</p><p>塞尔维亚卫生部国务秘书米萨德·杰里科当天表示，塞尔维亚民众希望接种新冠疫苗的热情超过预期。截至20日，塞尔维亚新冠疫苗预约接种网站登记人数已超过43万。</p><p>仅在22日当天，就有4万人接种新冠疫苗。政府希望在大规模接种疫苗后，疫情蔓延的势头能够得到遏制。</p>,2021-01-23 11:30:00,1
外媒：为拜登就职典礼提供安保的150多名国民警卫队员新冠检测呈阳性,https://www.sohu.com/a/446284723_162758?spm=smpc.sub-channel.fd-news.47.1611374159318OAEUMi5,2021-01-23 11:30,光明网,<p>【外媒：为拜登就职典礼提供安保的150多名国民警卫队员新冠检测呈阳性】路透社刚刚消息，当地时间22日，一名美国官员表示，部署在华盛顿特区、为拜登就职典礼提供安保的150至200名国民警卫队员的新冠病毒检测呈阳性。为拜登就职典礼提供安保国民警卫队员部分新冠阳性 消息还援引该名不愿透露姓名的官员说，国民警卫队员新冠检测呈阳性的人数可能会增加，不过这些人只占过去几天部署在华盛顿的2.5万多国民警卫队士兵中的一小部分。 根据路透社对公共卫生数据的分析，美国21日连续第二天报告日新冠死亡人数超过4000人，截至目前美国新冠累计死亡病例已超过41万。 据报道，美国国民警卫队在一份声明中表示，他们不会讨论新冠病毒病例，但全体人员正遵循美国疾病控制和预防中心的指导方针，包括在离开家乡、抵达华盛顿时做体温检查，以及填写相关筛查问卷。 报道称，美国军方表示，目前正在安排数千名士兵回家，预计约1.5万人将在未来5到10天内离开华盛顿。 此外，官员们表示，约有7000名国民警卫队员预计将至少留守华盛顿至本月底。</p>,2021-01-23 11:30:00,13
英国发现的变异新冠病毒可能导致更高的死亡率，英国首席顾问：上升到...,https://www.sohu.com/a/446283357_115362?spm=smpc.sub-channel.fd-news.31.1611374159318OAEUMi5,2021-01-23 11:14,每日经济新闻,<p>每经编辑：赵庆</p><p>英国首席科学顾问瓦伦斯强调，通过目前已有的部分数据和信息来估算，病毒变异前的死亡率在千分之十左右，变异病毒导致的死亡率上升到了大约千分之十三到十四左右。</p><p>据悉，目前英国新冠确诊患者住院人数达到38562人，较2020年4月出现第一次疫情高峰期高出78% 。</p><p>当地时间1月22日，根据美国约翰斯·霍普金斯大学数据，截至美东时间当天16时22分（北京时间1月23日凌晨5时22分），美国确诊新冠病毒感染人数达24771973人，因为新冠肺炎感染相关死亡人数达412936人。该数据与24小时前相比，新增确诊201633人，新增死亡4059人。</p><p>根据世卫组织最新实时统计数据，截至欧洲中部时间1月22日19时11分（北京时间1月23日2时11分），全球累计新冠肺炎确诊病例96267473例，累计死亡病例2082745例。22日全球新冠肺炎确诊病例新增624353例，死亡病例新增16079例。</p><p>西班牙卫生部在1月22日的最新官方数据显示，该国检测出的新冠肺炎累计确诊病例达到2499560例，累计死亡病例55441例，过去24小时新增确诊病例18187例，过去7天新增死亡病例1411例。相比于上一次报送数据的1月21日，该国新增报送新冠肺炎确诊病例42885例，新增报送死亡病例400例。</p><p>每日经济新闻综合央视新闻、人民日报</p>,2021-01-23 11:14:00,8
美民众不满政府疫苗接种工作 福奇：夏末前或可为85%成年人接种疫苗,https://www.sohu.com/a/446279670_162758?spm=smpc.sub-channel.fd-news.60.1611374159318OAEUMi5,2021-01-23 11:00,光明网,<p>据美国一家卫生保健政策研究机构22日发布的民意调查结果显示，有至少六成的受访者不满意美国政府的新冠疫苗接种工作。</p><p>尽管美国民众对政府的疫苗分发和接种工作以及应对疫情的现状仍感到担忧和不满，但被拜登政府任命为白宫首席医疗顾问的美国国家过敏症和传染病研究所所长福奇于当地时间21日表示，美国应该能够实现在今年夏季结束前为70%到85%的成年人接种新冠疫苗。</p>,2021-01-23 11:00:00,14
美媒：今年1月将成美国疫情暴发以来最致命月份,https://www.sohu.com/a/446279716_162758?spm=smpc.sub-channel.fd-news.15.1611374159318OAEUMi5,2021-01-23 11:00,光明网,<p>美国约翰斯·霍普金斯大学的统计数据显示，截至当地时间21日，本月的累计死亡病例已经使今年1月成为美国自疫情暴发以来第二致命的月份。有美国媒体预测，按照目前趋势，到26日，本月将成为美国疫情“最致命的月份”。</p><p>根据约翰斯·霍普金斯大学的数据，截至当地时间21日，美国本月累计新冠肺炎死亡病例数已达到64147例，每天平均新增死亡病例数为3055例，甚至高于“9·11”事件造成的死亡人数。本月成为继去年12月之后，美国疫情暴发以来第二致命的月份。去年12月，共有77572人因感染新冠病毒死亡。</p><p>《今日美国》报网站报道说，按照目前死亡病例的增长速度，到26日，今年1月将“反超”去年12月，成为美国疫情暴发以来最致命月份。</p><p>华盛顿大学专家：美单日新增死亡病例数下月初或达到峰值</p><p>华盛顿大学健康指标学教授阿里·穆克达德在接受美国全国广播公司采访时表示，美国单日新增死亡病例数可能会在2月初达到峰值。</p><p>美国疾控中心此前发布的整体预测显示，到2月13日，美国累计新冠肺炎死亡病例可能会达到508000例。也就是说，在不到一个月的时间里，美国可能会有约10万例新增死亡病例。</p><p>2020年底至今，美国新冠肺炎死亡病例数快速攀升，累计新冠肺炎死亡病例从30万增加到40万只用了36天。在这36天里，美国平均每分钟就有两人死于新冠肺炎。目前，新冠肺炎疫情已成为除美国内战和1918年大流感之外，美国历史上排名第三的致命事件。</p>,2021-01-23 11:00:00,4
担心更多变异新冠病毒输入，英国正激烈讨论是否完全封闭边境,https://www.sohu.com/a/446278705_260616?spm=smpc.sub-channel.fd-news.34.1611374159318OAEUMi5,2021-01-23 10:55,澎湃新闻,<p>英国环境大臣尤斯蒂斯（George Eustice）1月22日在接受天空新闻采访时证实，由于担心新冠病毒变异体会对目前的疫苗产生抗药性，为防止更多变异病毒流入国内，英国政府内部正激烈讨论是否完全对外关闭边境。 </p><p>报道称，英国首相约翰逊目前受到一些内阁成员的压力，要求对所有外国人完全关闭英国的边境。 </p><p>“我希望看到我们成功渡过这次疫情，而不是关闭边境。但我们不能排除任何可能性。”尤斯蒂斯说。 </p><p>此外，尤斯蒂斯称，就目前的情况而言，他认为英国采取的隔离等限制措施“已经足够”，是“正确和适当的”。 </p><p>尤斯蒂斯透露，防疫封锁措施可能在春末或夏初放松，“一旦我们让所有易受感染的人群接种疫苗，并开始降低接种对象的年龄范围，在春末夏初，我真的认为有可能接近恢复正常生活。”他说。 </p><p>英国首相约翰逊1月22日表示，根据一项研究显示，在英国的新冠病毒变异体不仅传染性提高了70%左右，致命性也提高了30%。 </p><p>不过他也表示，根据目前证据，现有的疫苗对变异病毒仍然有效。 </p><p>英国去年12月首先报告国内发现了传染力更强的新冠病毒的变异体。目前，全球各地已报告发现了多起新冠边度变异株。为应对更多变异病毒输入，英国政府已要求所有抵达英国的人员必须提供新冠病毒检测阴性的证明，并接受10天的隔离。同时，南非及南美等国的人员已被禁止入境英国。 </p><p>1月初，英格兰地区自疫情暴发以来第三度“封城”。从1月5日起至2月中旬，英格兰全境将接受类似去年3月份的初次封锁，绝大部分学校与大学关闭、转为线上授课。除就医、购买食品、锻炼以及无法在家完成的工作外，居民被要求待在家中。 </p>,2021-01-23 10:55:00,9
英首相：英国发现的变异病毒致死率或更高 疫苗仍有效,https://www.sohu.com/a/446269928_123753?spm=smpc.sub-channel.fd-news.44.1611374159318OAEUMi5,2021-01-23 10:10,中国新闻网,<p>中新网1月23日电 据“中央社”报道，当地时间22日，英国政府表示，部分初步证据显示，英国发现的新冠病毒变种不仅传播率比旧病毒更高，致死率也可能更高。所幸的是，目前并未有证据显示变种病毒会让疫苗失效。</p><p>据报道，英国首相约翰逊22日傍晚召开记者会表示，部分初步证据显示，“除了传播更快之外，在伦敦和英格兰东南部发现的变种病毒，可能有更高的致死率。”</p><p>这项结果由英国政府“新型与新兴呼吸道病毒威胁顾问小组”(NERVTAG)研究发现，但所有证据仍处于初期阶段。</p><p>2020年9月，人们在英国肯特郡(Kent)发现新冠变种病毒，这也是在英格兰与北爱尔兰地区传播最多的变种病毒，且已传播至全球数十个国家和地区。</p><p>英国政府首席科学顾问瓦朗斯(Patrick Vallance )表示，目前已知肯特郡发现的变种病毒比旧病毒传播更快，且不分族群，“所有年龄层的人都会感染”。</p><p>先前研究显示，英国发现的变种病毒的传播率比旧病毒高出30%至70%。瓦朗斯表示，至于致死率，初步证据显示，假设1000名60岁民众感染旧病毒，死亡率为千分之十，那么该变种病毒则可能导致每1000人中有13至14人死亡。</p><p>瓦朗斯同时表示，这些证据虽然“令人关切”，但“还不够有力”。“我必须强调，这些数字还有许多不确定性，我们必须进行更多研究。不过致死率和传染率的提高，显然都值得关切。”</p><p>另一方面，瓦朗斯称，临床证据显示，疫苗对旧病毒和变种病毒都有效力，“这是好消息”。不过他也说，南非和巴西发现的变种病毒对疫苗的反应仍令人关切。</p>,2021-01-23 10:10:00,12
美国“疫苗荒”：纽约市“拆东墙补西墙”引市民恐慌,https://www.sohu.com/a/446269107_162758?spm=smpc.sub-channel.fd-news.40.1611374159318OAEUMi5,2021-01-23 10:06,光明网,<p>由于新冠疫苗供应不足、分发不均等问题，美国各地继续面临疫苗储备告罄的窘境。</p><p>在美国纽约市，当地政府不得不考虑“拆东墙补西墙”的策略，将30万剂的第二剂新冠疫苗储备挪到第一剂接种使用。</p><p>由于新冠疫苗面临储备告罄，美国东部的纽约市已经有15个疫苗接种点被迫临时关闭，将近23000人的接种预约被取消。为了缓解疫苗接种荒，纽约市政府正在考虑将30万剂的第二剂疫苗填补到第一剂的接种缺口。然而，这一做法对于已经接种第一剂疫苗的人来说，无疑是个不好的消息，因为他们接种第二剂疫苗的时间可能将被推迟数周。</p><p>美国新冠疫苗需要分两剂次接种，间隔时间为三周到四周；《科学》杂志指出，第二剂疫苗的延迟接种或者不接种，都会降低疫苗的有效性。</p><p>美国纽约市居民 丽夫卡： 这让人非常沮丧，说实话，这确实造成了一点恐慌。</p><p>美国纽约州官员 马克：这非常令人失望，如果我们能有更多的疫苗供应，我们就能给更多的人接种疫苗，然而这不是我们说了算的。</p><p>美国多州疫苗接种进度落后于计划表</p><p>在美国西部的加利福尼亚州洛杉矶市，该市市长21日表示，当 地的新冠疫苗接种速度远远落后于计划表。按照当前速度，到今年6月，洛杉矶才能完成第一批次，也就是针对护理机构人员和65岁以上老年人的接种工作；而在计划表上，这一批次接种工作应该在今年2月前完成。</p><p>在美国中西部的密歇根州底特律市，为了加快疫苗接种速度，当地政府提前改建了一个每周可接种25000人次的疫苗接种站；但由于疫苗短缺，目前每周只能接种6000人次。值得一提的是，当地卫生官员日前透露，有近1.2万剂的新冠疫苗在被运往当地途中，由于温度控制问题而失效。</p><p>美媒：疫苗窘境暴露美联邦政府工作缺失</p>,2021-01-23 10:06:00,10
巴西福利院老人接种中国科兴新冠疫苗,https://www.sohu.com/a/446268673_267106?spm=smpc.sub-channel.fd-news.9.1611374159318OAEUMi5,2021-01-23 10:05,新华社,<p>新华社照片，巴西利亚，2021年1月23日</p><p>1月22日，在巴西首都巴西利亚的一家福利院，医护人员为老人接种新冠疫苗。</p><p>巴西国家卫生监督局17日宣布，给予中国北京科兴中维生物技术有限公司研发的新冠疫苗克尔来福紧急使用许可。巴西18日正式开始全国新冠疫苗接种，生活在福利院的老人在首批接种人群范围内。</p><p>新华社发（卢西奥·塔沃拉摄）</p>,2021-01-23 10:05:00,2
比利时：疫情下的冬季打折季,https://www.sohu.com/a/446267674_267106?spm=smpc.sub-channel.fd-news.25.1611374159318OAEUMi5,2021-01-23 10:00,新华社,<p>新华社照片，布鲁塞尔，2021年1月23日</p><p>1月22日，在比利时布鲁塞尔，一名女子走过一家店铺的打折季广告。</p><p>比利时冬季打折季于1月4日开启。原本为期四周的打折季被延长至六周，同时采取了多项防疫措施，包括进店必须佩戴口罩、限制同时在店人数、在线直播主要商业街的实时人流量等。</p><p>新华社记者 张铖 摄</p><p>新华社照片，布鲁塞尔，2021年1月23日</p><p>1月22日，在比利时布鲁塞尔，一名女子走过一家打折的店铺。</p><p>比利时冬季打折季于1月4日开启。原本为期四周的打折季被延长至六周，同时采取了多项防疫措施，包括进店必须佩戴口罩、限制同时在店人数、在线直播主要商业街的实时人流量等。</p>,2021-01-23 10:00:00,6
美国“疫苗荒”问题凸显！1月将成美国疫情暴发以来最致命月份，外媒称拜登就职典礼后150多国民警...,https://www.sohu.com/a/446267370_115362?spm=smpc.sub-channel.fd-news.14.1611374159318OAEUMi5,2021-01-23 09:57,每日经济新闻,<p>每经编辑：步静</p><p>由于新冠疫苗供应不足、分发不均等问题，美国各地继续面临疫苗储备告罄的窘境。</p><p>在美国纽约市，当地政府不得不考虑“拆东墙补西墙”的策略，将30万剂的第二剂新冠疫苗储备挪到第一剂接种使用。</p><p>美国新冠疫苗需要分两剂次接种，间隔时间为三周到四周；《科学》杂志指出，第二剂疫苗的延迟接种或者不接种，都会降低疫苗的有效性。</p><p>在美国中西部的密歇根州底特律市，为了加快疫苗接种速度，当地政府提前改建了一个每周可接种25000人次的疫苗接种站；但由于疫苗短缺，目前每周只能接种6000人次。值得一提的是，当地卫生官员日前透露，有近1.2万剂的新冠疫苗在被运往当地途中，由于温度控制问题而失效。</p><p>今年1月将成美国疫情暴发以来最致命月份 </p><p>根据约翰斯·霍普金斯大学的数据，截至当地时间21日，美国本月累计新冠肺炎死亡病例数已达到64147例，每天平均新增死亡病例数为3055例，甚至高于“9·11”事件造成的死亡人数。本月成为继去年12月之后，美国疫情暴发以来第二致命的月份。去年12月，共有77572人因感染新冠病毒死亡。</p><p>《今日美国》报网站报道说，按照目前死亡病例的增长速度，到26日，今年1月将“反超”去年12月，成为美国疫情暴发以来最致命月份。</p><p>美国疾控中心此前发布的整体预测显示，到2月13日，美国累计新冠肺炎死亡病例可能会达到508000例。也就是说，在不到一个月的时间里，美国可能会有约10万例新增死亡病例。</p><p>外媒：为拜登就职典礼提供安保的150多名国民警卫队员新冠检测呈阳性 </p><p>消息还援引该名不愿透露姓名的官员说，国民警卫队员新冠检测呈阳性的人数可能会增加，不过这些人只占过去几天部署在华盛顿的2.5万多国民警卫队士兵中的一小部分。</p><p>根据路透社对公共卫生数据的分析，美国21日连续第二天报告日新冠死亡人数超过4000人，截至目前美国新冠累计死亡病例已超过41万。</p><p>据报道，美国国民警卫队在一份声明中表示，他们不会讨论新冠病毒病例，但全体人员正遵循美国疾病控制和预防中心的指导方针，包括在离开家乡、抵达华盛顿时做体温检查，以及填写相关筛查问卷。</p><p>报道称，美国军方表示，目前正在安排数千名士兵回家，预计约1.5万人将在未来5到10天内离开华盛顿。</p><p>此外，官员们表示，约有7000名国民警卫队员预计将至少留守华盛顿至本月底。</p><p>（每日经济新闻综合自：央视新闻、环球网）</p><p>（文中图片来自：央视新闻）</p>,2021-01-23 09:57:00,3
快讯！外媒：为拜登就职典礼提供安保的150多名国民警卫队员新冠检测呈阳性,https://www.sohu.com/a/446262695_162522?spm=smpc.sub-channel.fd-news.27.1611374159318OAEUMi5,2021-01-23 09:30,环球网,<p>【环球网快讯】路透社刚刚消息，当地时间22日，一名美国官员表示，部署在华盛顿特区、为拜登就职典礼提供安保的150至200名国民警卫队员的新冠病毒检测呈阳性。</p><p>消息还援引该名不愿透露姓名的官员说，国民警卫队员新冠检测呈阳性的人数可能会增加，不过这些人只占过去几天部署在华盛顿的2.5万多国民警卫队士兵中的一小部分。</p>,2021-01-23 09:30:00,7
英国首相警告变异病毒或致死率更高，皇马主帅齐达内检测呈阳性 | 国际疫情观察（1月23...,https://www.sohu.com/a/446262095_313745?spm=smpc.sub-channel.fd-news.72.1611374159318OAEUMi5,2021-01-23 09:26,界面新闻,<p>图片来源：视觉中国</p><p>（本文持续更新中。文中段首所示时间为本文更新时间。）</p><p>全球 </p><p>0830【全球累计新冠确诊病例超9800万】</p><p>据约翰斯·霍普金斯大学的疫情追踪数据，截至北京时间1月23日上午8点30分，全球累计确诊新冠肺炎病例98100314例，累计死亡2104469例。</p><p>北美 </p><p>0830【拜登警告：美国预计将有超过60万人死亡】</p><p>据美国约翰斯·霍普金斯大学发布的全球新冠肺炎数据实时统计系统，截至美国东部时间1月22日晚6时，全美共报告新冠肺炎确诊24775585例，死亡413059例。过去24小时，美国新增确诊187212例，新增死亡3911例。</p><p>美国总统拜登22日在新闻发布会上表示，“我们已经有40万人死亡，预计将有超过60万人死亡”。</p><p>目前美国单日新增确诊病例开始放缓，但是美国疾控中心警告，更多新型变异新冠病毒仍可能加速病毒传播。</p><p>华盛顿大学健康指标与评估研究所所长克里斯托弗·默里表示，从去年夏天开始，他预测美国疫情于1月达到顶峰，但新型变异新冠病毒“可能彻底改变形势”。</p><p>欧洲 </p><p>0830【英首相：在英国发现的变异新冠病毒可能造成更高的死亡率】</p><p>当地时间1月22日，英国首相鲍里斯·约翰逊在当天的疫情发布会上表示，在英国发现的变异新冠病毒不但速度快，而且有可能导致更高的死亡率。</p><p>英国首席科学顾问瓦伦斯强调，通过目前已有的部分数据和信息来估算，病毒变异前的死亡率在千分之十左右，变异病毒导致的死亡率上升到了大约千分之十三到十四左右。</p><p>0830【皇家马德里足球俱乐部：齐达内新冠检测结果为阳性】</p><p>0830【法国确诊病例突破300万 官方准备调查变异病毒传播情况】</p><p>0830【葡萄牙确诊一例南非发现的变种新冠病毒感染病例】</p><p>0830【比利时将暂时禁止非必要出入境 禁令从1月27日起执行】</p><p>0830【德国疫情数据轻微好转 政府呼吁民众继续保持警惕】</p><p>罗伯特·科赫研究所所长威勒22日在记者会上表示，目前大部分联邦州的新增感染病例数都出现了下降，这一“略显积极的态势”归功于一系列严格的限制措施。不过，在他看来，感染数字依旧过高，因此民众切不可掉以轻心。</p><p>0830【马德里大区宣布将宵禁措施提前至晚10时施行】</p><p>拉美 </p><p>0830【违反防疫宵禁令聚集看球赛 巴西亚马孙州63人被逮捕】</p><p>0830【古巴报告首例变异新冠病毒感染病例】</p><p>亚洲 </p><p>0830【国际奥委会主席巴赫表示：奥林匹克运动期待东京奥运会如期举行】</p><p>巴赫表示，他在22日有机会与国际奥委会的206个成员奥委会进行了交谈，206个成员奥委会都在全力以赴，并对东京奥运会充满期待。巴赫说，在日本政府以及所有国际奥委会成员的全力支持下，每个人都决心让东京奥运会成为“隧道尽头的光明”。</p><p>0830【日本累计新冠确诊病例数超35万 计划2月开始接种疫苗】</p><p>0830【斯里兰卡批准紧急使用牛津大学和阿斯利康研发的新冠疫苗】</p><p>0830【泰国批准紧急使用英国阿斯利康疫苗】</p><p>0830【菲律宾修改旅行禁令 允持有效签证外国人入境】</p><p>非洲 </p><p>0830【津巴布韦交通部长马蒂扎感染新冠肺炎去世】</p><p>中东 </p><p>0830【迪拜政府宣布禁止10人以上聚会活动】</p>,2021-01-23 09:26:00,18
65岁比尔-盖茨公开接种新冠疫苗 笑称感觉很好(图),https://www.sohu.com/a/446256613_255783?spm=smpc.sub-channel.fd-news.20.1611374159318OAEUMi5,2021-01-23 08:44,北青网,<p>比尔·盖茨接种新冠疫苗（推特）</p><p>比尔·盖茨写道，“65岁的好处之一，就是我有资格接种新冠疫苗。这周我接种了第一剂新冠疫苗，感觉很好。感谢所有的科学家、志愿者、监管人员和医护工作者，是他们让我们走到了这一步。”</p><p>据俄罗斯卫星通讯社报道，比尔·盖茨一直积极倡导科学防疫，其盖茨基金会已提供数亿美元，用于加速开发并公平分配新冠检测工具、药物和疫苗。不过，比尔·盖茨本人也因此受到阴谋论者的攻击，被污蔑是他研制疫苗时制造了病毒。</p><p>今年1月20日拜登宣誓就职美国总统后，比尔·盖茨曾公开发文，呼吁和拜登政府就新冠病毒等挑战开展合作。</p><p>另据新华社报道，根据美国疾控中心的推荐意见，美国疫苗早期接种计划是首先为医护人员和生活在养老院等长期护理机构的群体接种，其次是75岁及以上老人、一线核心保障部门工作人员，此后是65岁至74岁的老人、16岁至64岁之间具有健康状况高风险的群体及其他核心保障部门工作人员。在优先为这些群体接种之后，疫苗接种再逐步推广至其他公众。（海外网 刘强）</p>,2021-01-23 08:44:00,5
中国疫苗为全球抗疫注入信心,https://www.sohu.com/a/446253337_162758?spm=smpc.sub-channel.fd-news.74.1611374159318OAEUMi5,2021-01-23 08:18,光明网,<p>日前，在巴西圣保罗，一名医务人员接种中国新冠疫苗。图/新华社</p><p>日前，一男子从英国伦敦金斯顿街头的电话亭雕塑旁走过。图/新华社</p><p>在东京，工作人员指引进入浅草寺的游客测量体温。图/新华社</p><p>据新华社电经历了新冠疫情肆虐的一年，疫苗为人类战胜病毒带来了希望。然而，全球疫苗分配不公问题日渐突出，“疫苗民族主义”和富国“自我优先”等做法正在不同国家和群体间造成“免疫鸿沟”，对全球构建抗疫统一防线的努力造成冲击。</p><p>世界卫生组织数据显示，目前至少有49个高收入国家已接种了超过3900万剂新冠疫苗，而一个最低收入国家却只得到了25剂，全球95％已接种的疫苗仅局限在10个国家。世卫组织总干事谭德塞为此大声疾呼：“世界正处于灾难性道德失败的边缘，这一失败的代价将是世界上最贫穷国家民众的生命和生计。”</p><p>全球化背景下，人类社会相互依存，应对共同挑战不能各自为战。新冠病毒快速跨境传播特性，决定了应该采取全球联防联控策略，而在当前产能接种能力相对有限的情况下，疫苗也应得到公平合理的分配，特别是发展中国家平等获得疫苗的权利应得到保障，从而实现全球免疫成效的最大化。这关乎道德良知，更是全球尽早战胜疫情、恢复经济的关键。</p><p>确保发展中国家平等获得疫苗的权利，是全球疫情联防联控的应有之义。如果任凭市场机制让出价高的富国控制疫苗资源，发展中国家则可能因疫苗短缺而陷入疫情恶化的困境，这种“免疫鸿沟”不仅会极大削弱全球疫情防控的整体效果，随着病毒在落后国家加剧传播变异，疫苗防护作用也可能有所弱化，发达国家也很难独善其身。</p><p>确保发展中国家平等获得疫苗的权利，是推动全球经济复苏的必要之举。全球经济紧密相连，如果置低收入国家高危人群于不顾，最终只会延长疫情，增加防控难度，让各国民众和经济持续甚至反复遭受冲击。反之，公平分享疫苗，可以放大疫情防控的协同效应，加快全球经济重启的步伐。国际货币基金组织总裁格奥尔基耶娃指出，如果尽快普遍接种疫苗，到2025年可以给全球带来9万亿美元产值。</p><p>促进疫苗公平分配，确保其在发展中国家的可及性和可负担性是当务之急。中国最早承诺将自主研发的疫苗作为全球公共产品，加入“新冠肺炎疫苗实施计划”和世卫组织发起的“全球合作加速开发、生产、公平获取新冠肺炎防控新工具”倡议，不断为全球抗疫注入信心与希望。随着产量大幅提升，中国正积极为缓解全球疫苗供不应求做出贡献，而中国疫苗公平合理的价格也有望极大减轻发展中国家的经济负担。</p><p>面对百年疫情，新冠疫苗的研发与分配绝不是国与国、企业与企业之间的竞争，而是全人类与病毒的决战，捍卫人类生命福祉的社会理性应高于市场主导的经济逻辑。人类是一个命运共同体，疫情没有国界，只有确保所有处于危险之中的人得到有效防护，人类才能彻底战胜病毒，真正实现整体安全。此时此刻，我们能做的只有团结，因为正如谭德塞所说，抗击疫情“必须从一个全球大家庭的角度出发”。　　　　　　（叶书宏）</p><p>美传染病专家福奇再次现身白宫谈美国疫情</p><p>据新华社电 在白宫“消失”数月后，美国传染病专家安东尼·福奇21日再次现身，通报美国新冠疫情情况。</p><p>美国新任总统约瑟夫·拜登20日就职后，任用国家过敏症和传染病研究所所长福奇为总统首席医疗顾问及新冠疫情应对工作组成员。</p><p>福奇21日在白宫简报会上说，目前美国至少20个州出现英国报告的变异新冠病毒，不过迄今没有出现南非报告的变异新冠病毒。他强调，现有信息显示，目前的疫苗对变异新冠病毒“依然有效”。</p><p>按照福奇的说法，美国疫情依然“非常严重”，但过去7天的疫情数据显示，新冠病毒感染率在美国已经“稳定”。</p><p>美国疾病控制和预防中心网站21日的疫情数据显示，全美累计新冠确诊病例超过2432万例，单日新增超过18.8万例；过去7天，每10万人中每天平均新增58.4人感染。截至21日，全美累计新冠死亡病例超过40.4万例，单日新增4383例。</p><p>福奇说，如果美国70％至80％的人在夏季结束以前接种疫苗，美国在冬季来临前将在一定程度上恢复常态。</p><p>美国是全球新冠疫情最严重的国家。拜登20日就职以来，两天内已经签署多项涉及新冠疫情防控的行政命令，包括推行更为严格的“口罩令”。</p><p>过去一年，特朗普政府屡屡淡化新冠疫情的影响，福奇多次就疫情在公开场合与特朗普“唱反调”，特朗普离任前他长期没有在白宫公开露面，美国民众一度在社交媒体发起“寻找福奇”活动。</p><p>（郑昊宁）</p><p>违反口罩令！</p><p>巴厘岛罚外国游客做俯卧撑</p><p>据新华社电近来，多名外国游客在印度尼西亚旅游胜地巴厘岛违反戴口罩的规定，本应罚款，但他们表示没钱！巴厘岛当局因而改罚他们：做俯卧撑。</p><p>为遏制新冠疫情，巴厘岛要求当地人和游客戴口罩，违者罚款10万印尼盾（约合46元人民币）。印尼官员古斯蒂·阿贡·克图特·苏亚内加拉告诉记者，最近共查到大约100名外国游客违反口罩令，其中70多人乖乖交了罚款，大约30人耍赖不交钱。巴厘岛官员因而改罚他们做俯卧撑：不戴口罩者，罚做不超过50个俯卧撑；戴口罩不规范者，罚做15个俯卧撑。</p><p>古斯蒂说，一些游客最初装糊涂，“声称不知道口罩令，后来改口说忘记拿口罩，或者找借口说口罩湿了、破了”。</p><p>受疫情影响，巴厘岛眼下禁止境外游客前往旅游，但允许身处印尼境内的外籍游客登岛。当地官员警告说，外籍游客若违反疫情防控规定，可能被印尼当局驱逐出境。（杨舒怡、包雪琳）</p><p>英国政府拟补助确诊感染者</p><p>据新华社电为遏制新冠疫情蔓延，英国政府拟在英格兰地区向确诊感染新冠病毒者每人一次性给予500英镑（约合4434元人民币）补助，鼓励他们主动隔离。</p><p>英国《卫报》21日报道，这项措施对鼓励主动隔离、遏制疫情蔓延很有必要。英国内阁办公厅报告显示，由于担心不能继续工作，仅17％出现感染症状者愿接受检测。</p><p>英国《泰晤士报》报道，鉴于若补助所有确诊感染新冠病毒者，每月支出可达20亿英镑（约合177.2亿元人民币），政府可能仅补助无法居家完成工作的确诊感染者。</p><p>英国政府主要负责官员将于下周讨论上述补助方案。</p><p>英国政府还将推出对确诊感染者的一揽子财政支持。</p><p>此外，英国政府将加大力度惩罚违反隔离措施行为。内政大臣普丽蒂·帕特尔21日宣布，下周起，对违反居家隔离措施行为，英格兰地区首次违规罚款金额将由目前最多200英镑（约合1772元人民币）增至800英镑（约合7089元人民币）；对重复违规行为，将加重罚款。</p><p>英国政府21日发布的数据显示，英国累计确诊病例超过354万例，累计死亡病例超过9.4万例。　　　　　　</p><p>（王逸君）</p><p>日本着手修改多项涉疫法律</p><p>据新华社电 日本内阁22日通过多项法律草案，推出惩罚制度，以强化落实新冠防疫措施。</p><p>这些草案为应对新冠病毒特别措施法、传染病法和检疫法的修正案。日本广播协会（NHK）等媒体报道，特别措施法修正案规定，在宣布进入疫情紧急状态前，可采取防止疫情扩散的重点措施。措施实施地区的政府可要求商家缩短营业时间或暂停营业，如果商家拒不执行，政府可采取命令方式，或到经营场所检查。</p><p>商家如果收到命令后仍不服从，在采取重点措施的阶段，将面临30万日元（约合1.9万元人民币）以下罚款；在紧急状态下，面临50万日元（约合3.1万元人民币）以下罚款。如果拒绝接受检查，面临20万日元（约合1.2万元人民币）以下罚款。</p><p>对配合防疫要求的商家，政府将给予经济补偿。</p><p>传染病法修正以后，地方政府将能要求感染者居家或者在酒店隔离。如果感染者拒绝住院治疗或擅自离开医院，将面临一年以下监禁或100万日元（约合6.2万元人民币）以下罚款。拒不配合流行病学调查、不提供活动轨迹信息或提供虚假活动轨迹信息的感染者，将面临50万日元以下罚款。</p><p>（惠晓霜）</p>,2021-01-23 08:18:00,20
环球深观察丨全球疫苗分配进行时 为何有人发出“道德沦丧”的怒吼,https://www.sohu.com/a/446252932_115239?spm=smpc.sub-channel.fd-news.42.1611374159318OAEUMi5,2021-01-23 08:15,国际在线,<p>各国已陆续开展新冠疫苗接种。一些西方发达国家“自我优先”争抢疫苗的做法，让全球新冠疫苗的公平分配面临挑战。</p><p>世卫组织：世界正处于灾难性道德沦丧的边缘</p><p>世卫组织总干事谭德塞在1月18日召开的世卫组织第148届执委会会议上，用“道德沦丧”来表达对新冠疫苗全球范围内分配严重不均的愤怒。</p><p>谭德塞：“随着第一批疫苗开始分发，公平分配的承诺正面临严重挑战。目前已有超过3900万剂疫苗在全球至少49个高收入国家接种，而有一个最低收入国家迄今只接种了25剂疫苗——不是2500万，也不是2.5万，而是只有25剂！我必须直言不讳，世界正处于灾难性道德沦丧的边缘，这种道德沦丧以牺牲世界最贫困国家人们的生命和生活为代价。”</p><p>世卫组织多次强调，应通过“新冠肺炎疫苗实施计划”（COVAX）推动疫苗公平分配。</p><p>但现实却是，欧美国家的疫苗生产商为追求更高利润，优先考虑获取高收入国家的上市批准，未及时向世卫组织提交完整材料，这可能会延迟“新冠肺炎疫苗实施计划”的疫苗交付。</p><p>△总部位于伦敦的疫苗试验跟踪分析公司Airfinity的数据显示，辉瑞公司85%的疫苗和莫德纳公司的所有疫苗，都供应给了高收入国家。</p><p>谭德塞直言，一些高收入国家虽然谈论着公平分配，但却和一些公司不断将协议“特权化”，在“新冠肺炎疫苗实施计划”上兜圈子。还有一些高收入国家哄抬疫苗价格，并试图“插队”。</p><p>他强调，这种“自我优先”的做法不仅置低收入国家于不顾，而且最终只会延长疫情、延长痛苦、延长相关防控措施、延长疫情对经济的影响。</p><p>联合国秘书长古特雷斯1月15日也发表声明说，“新冠疫苗正迅速流入高收入国家，而最贫穷的国家却没有得到任何疫苗”。他批评一些国家进行私下交易，采购超出所需数量的疫苗。他强调，奉行“疫苗民族主义”只会适得其反，将推迟全球经济复苏。</p><p>△联合国秘书长古特雷斯</p><p>很多专业人士也认同这一观点。</p><p>英国威康医学研究基金会疫苗负责人查理·韦勒强调，“我们不能不顾及那些无法获得疫苗的地区，疫苗分配不公平将使世界各地的每个人都处于危险之中”。</p><p>△威康医学研究基金会疫苗负责人查理·韦勒</p><p>中国：负责任大国有担当</p><p>在发达国家“自我优先”争抢疫苗时，更多国家感受到了中国作为负责任大国的担当。</p><p>中国国药集团生产的新冠疫苗目前已在伊拉克、塞尔维亚、约旦、秘鲁、阿联酋、塞舌尔、埃及、巴基斯坦等国或开始接种、或获得紧急使用授权、或接到订单。</p><p>中国科兴公司生产的新冠疫苗则已在土耳其、阿塞拜疆、巴西、印尼、智利等国开始接种。</p><p>泰国、缅甸、乌兹别克斯坦、阿尔及利亚等国，或已为中国疫苗“下单”，或正参与中国疫苗的临床试验。</p><p>△当地时间1月16日，塞尔维亚总统武契奇在贝尔格莱德机场迎接中国疫苗运抵。（图片来源：视觉中国）</p><p>“我相信中国疫苗的质量”，当地时间1月16日上午，首批100万剂中国国药集团生产的新冠疫苗运抵贝尔格莱德，塞尔维亚总统武契奇率领政府官员前往机场迎接。</p><p>武契奇：“我们是欧洲第一个获得如此大剂量疫苗的国家。作为塞尔维亚总统，我感到骄傲。我们获得了可以为50万人接种的100万剂疫苗，这在我国的人口总数中不是一个小数字。这将挽救许多人的生命。”</p><p>多国政要更带头接种中国疫苗，其中包括塞舌尔总统拉姆卡拉旺、印尼总统佐科、土耳其总统埃尔多安、约旦国王阿卜杜拉二世和王储侯赛因、巴林王储萨勒曼·本·哈马德以及阿联酋副总统兼总理、迪拜酋长谢赫·穆罕默德·本·拉希德·阿勒马克图姆等。</p><p>△当地时间1月10日，塞舌尔总统拉姆卡拉旺接种中国新冠疫苗，塞舌尔全国启动大规模疫苗接种。（图片来源：视觉中国）</p><p>越来越多国家将目光投向中国，为中国疫苗投下信任票。</p><p>△当地时间1月18日，阿塞拜疆首都巴库，民众接种中国新冠疫苗。（图片来源：视觉中国）</p><p>中方推进疫苗国际合作 得到国际社会高度肯定</p><p>中国言必行、行必果：从最早承诺将新冠疫苗作为全球公共产品，到加入世卫组织主导的“新冠肺炎疫苗实施计划”，再到用实际行动为发展中国家提供帮助，推动实现新冠疫苗在全球的公平分配，中国始终致力于构建人类卫生健康共同体。</p><p>△当地时间1月15日，印度尼西亚雅加达公共卫生中心，医务人员为民众接种中国新冠疫苗。（图片来源：视觉中国）</p><p>《纽约时报》日前报道说，由于美国目前主要致力于解决国内疫苗分发的混乱局面，欧盟和其他富裕国家又大量采购辉瑞和莫德纳研制的疫苗，中国正在填补西方国家在贫穷国家留下的缺口。</p><p>报道援引战略与国际研究中心全球卫生政策中心主任史蒂芬·莫里森的话说，“中国意识到存在这个缺口，也意识到西方政府会囤积和预购数十亿剂疫苗，让其他国家陷于困境”。</p><p>△《纽约时报》报道截图</p><p>目前，国药，科兴、康希诺等中国的疫苗生产企业已向“新冠肺炎疫苗实施计划”提交了加入申请，中国政府也一直同世卫组织等发起方保持着密切沟通。</p><p>中国外交部发言人华春莹1月20日表示，病毒没有国界，人类命运与共，团结合作是战胜疫情最有力的武器。</p>,2021-01-23 08:15:00,11
黎巴嫩希望联合国协助应对疫情挑战,https://www.sohu.com/a/446251116_267106?spm=smpc.sub-channel.fd-news.76.1611374159318OAEUMi5,2021-01-23 07:52,新华社,<p>新华社贝鲁特1月22日电（记者刘宗亚）黎巴嫩看守政府总理迪亚卜22日与联合国秘书长古特雷斯通电话，希望联合国帮助黎巴嫩应对新冠疫情带来的诸多挑战。</p><p>根据黎总理府新闻办公室当天发布的消息，迪亚卜在通话中说，黎巴嫩全国公立和私立医院接收新冠患者的能力已近饱和，急需增加重症监护病房和呼吸机等必要医疗设备，希望联合国提供200张重症监护病床，并帮助黎巴嫩开展新冠疫苗接种。</p><p>古特雷斯表示，他充分理解黎巴嫩当前的困境，将同联合国官员一起商讨最佳的援助办法。</p>,2021-01-23 07:52:00,21
60%的美国人对美政府的新冠疫苗相关工作表示不满意,https://www.sohu.com/a/446248570_115239?spm=smpc.sub-channel.fd-news.66.1611374159318OAEUMi5,2021-01-23 07:20,国际在线,<p>△图片来源：网络</p><p>当地时间1月22日，美国凯撒家庭基金会发布的一份最新民意调查显示，有60%的美国人对政府的新冠疫苗相关工作表示不满意。这份基于1月11日至18日对1563名美国成年人进行调查得出的报告显示，美国人对政府分发新冠疫苗的工作产生了各种各样的消极情绪。被调查人群中有一半表示“沮丧”，三分之一表示“困惑”，近四分之一的人表示“生气”。大多数受访者（60％）将其州政府在疫苗方面工作的表现评定为“一般或较差”。</p>,2021-01-23 07:20:00,15
美国医生被控偷新冠疫苗给家人打 律师辩护称：没浪费,https://www.sohu.com/a/446247674_162758?spm=smpc.sub-channel.fd-news.114.1611374159318OAEUMi5,2021-01-23 07:12,光明网,<p>图源/YouTube</p><p>据《纽约邮报》21日报道，哈里斯县地方检察官金·奥格在一份声明中表示，涉事医生名叫哈桑·戈卡尔，曾在哈里斯县公共卫生系统工作，他被控于12月29日从哈姆布尔的一个疫苗接种点偷取了新冠肺炎疫苗。奥格称，戈卡尔在偷窃一周后，向一名同事吹嘘了自己的行为，后者随后向上司投诉，戈卡尔遭解雇。</p><p>奥格表示，戈卡尔偷了新冠肺炎疫苗给他的家人和朋友，“他滥用职权，将疫苗先给朋友、家人，而不是法律规定的优先人群”，“他的所作所为是违法的，他将被依法追究责任。”</p><p>律师保罗·道尔则为他的当事人辩护称，疫苗无论如何都会过期。“戈卡尔医生是敬业的，他确保了原本可能会过期的新冠肺炎疫苗给了符合法律规定的人群使用”，“哈里斯县本希望戈卡尔医生让疫苗白白浪费，并试图在支持这项政策的过程中诋毁他的声誉。我们期待着在法庭上纠正这一错误。”</p>,2021-01-23 07:12:00,27
埃尔多安：1000万剂中国新冠疫苗本周将抵达土耳其,https://www.sohu.com/a/446246975_162758?spm=smpc.sub-channel.fd-news.91.1611374159318OAEUMi5,2021-01-23 07:06,光明网,<p>土耳其民众接种中国新冠疫苗（图：美联社）</p><p>海外网1月22日电据美国广播公司、美联社等多家外媒消息，当地时间22日，土耳其总统埃尔多安称，本周末将再有1000万剂中国新冠疫苗抵达该国。</p>,2021-01-23 07:06:00,23
英国发现的变异新冠病毒可能造成更高的死亡率,https://www.sohu.com/a/446246266_260616?spm=smpc.sub-channel.fd-news.73.1611374159318OAEUMi5,2021-01-23 07:02,澎湃新闻,<p>央视新闻消息，当地时间1月22日，英国首相鲍里斯·约翰逊在当天的疫情发布会上表示，在英国发现的变异新冠病毒不但速度快，而且有可能导致更高的死亡率。 </p><p>英国首席科学顾问瓦伦斯强调，通过目前已有的部分数据和信息来估算，病毒变异前的死亡率在千分之十左右，变异病毒导致的死亡率上升到了大约千分之十三到十四左右。 </p><p>英国发现的变异新冠病毒可能造成更高的死亡率。</p><p>据悉，目前英国新冠确诊患者住院人数达到38562人，较2020年4月出现第一次疫情高峰期高出78% 。 </p><p>（原题为《英国发现的变异新冠病毒可能造成更高的死亡率》） </p>,2021-01-23 07:02:00,19
美国累计新冠确诊病例超过2477万例,https://www.sohu.com/a/446241722_260616?spm=smpc.sub-channel.fd-news.68.1611374159318OAEUMi5,2021-01-23 05:57,澎湃新闻,<p>当地时间1月22日，据美国约翰斯·霍普金斯大学发布的新冠疫情统计数据，截至美东时间当日16时22分（北京时间1月23日凌晨5时22分），美国累计确诊新冠病毒感染人数达24771973人，因为新冠肺炎感染相关死亡人数达412936人。该数据与24小时前相比，新增确诊201633人，新增死亡4059人。 </p><p>（原题为《美国新冠肺炎累计确诊病例超过2477万例》） </p>,2021-01-23 05:57:00,16
战胜疫情需要共同努力（国际论坛）,https://www.sohu.com/a/446240380_114731?spm=smpc.sub-channel.fd-news.97.1611374159318OAEUMi5,2021-01-23 05:37,人民网,<p>一些国家和地区出现疫情反复，说明人类与新冠病毒斗争的道路漫长且艰辛。在这条路上，我们需要不断汲取经验教训，不放过任何一个合作的机会</p><p>新冠病毒是人类共同的敌人，团结合作对战胜病毒至关重要。患难见真情。在抗击新冠肺炎疫情的斗争中，中非始终相互声援、并肩战斗。经历携手抗疫，中非双方更加团结，友好互信更加巩固，通力合作的决心更加坚定。</p><p>在中国抗疫最艰难的时刻，50多位非洲领导人致电或发表声明，向中方表达慰问和支持。非盟执行理事会发表公报，非盟各成员国外长一致声援中国政府和人民，对中国政府应对疫情挑战的能力充满信心。非洲国家给中国提供了力所能及的支持。赤道几内亚、加纳、吉布提、刚果(布)等国家纷纷为中国捐款捐物。正如非盟委员会主席法基所说，“在此艰难时刻，我们将与中国保持坚定团结”。</p><p>非洲发生新冠肺炎疫情后，中国率先驰援，向50多个非洲国家和非盟提供了大量医疗援助物资，派出多个医疗专家组，开展诊疗技术交流，有力支持非洲人民抗击疫情。中国医学专家及时与非洲医护人员加强对话、交流和协调，使非洲国家在疫情防控方面获得了大量实用经验。长期驻扎在非洲国家的46支中国援非医疗队开展抗疫培训近400场，为当地数万名医护人员及时提供指导。</p><p>去年6月，中国国家主席习近平在中非团结抗疫特别峰会上明确表示：“中方承诺，新冠疫苗研发完成并投入使用后，愿率先惠及非洲国家。”这让非洲人民深受感动!在埃塞俄比亚首都亚的斯亚贝巴，中国援建非洲疾控中心总部项目日前破土动工，展现了中国对非洲的真诚帮助。</p><p>当今世界，人们尤其应当认识到人类命运共同体理念的价值，全球必须同舟共济，携手应对疫情。一些国家和地区出现疫情反复，说明人类与新冠病毒斗争的道路漫长且艰辛。在这条路上，我们需要不断汲取经验教训，不放过任何一个合作的机会。</p><p>任何时候都不应将疫情政治化、病毒标签化，因为这会导致对不同族群的恐惧、仇恨情绪，损害国际社会团结抗疫的努力。齐心协力、高效合作才是战胜疫情的有效途径。非洲国家坚决反对与疫情有关的种族主义言行，并始终着眼于促进国际合作和人道主义关怀，增进人民福祉。</p><p>(作者为埃塞俄比亚圣玛丽大学校长)</p>,2021-01-23 05:37:00,26
纽约州获得的新冠疫苗中97%已接种,https://www.sohu.com/a/446239286_123753?spm=smpc.sub-channel.fd-news.71.1611374159318OAEUMi5,2021-01-23 05:20,中国新闻网,<p>(抗击新冠肺炎)纽约州获得的新冠疫苗中97%已接种</p><p>中新社纽约1月22日电 纽约州州长安德鲁·科莫22日称，纽约州已获得的新冠疫苗中97%已经接种完毕，剩余疫苗当天也会用完。</p><p>科莫当天在州府奥尔巴尼举行记者会通报疫情。他说，截至目前纽约州共接种疫苗超过132.9万剂，其中近116万剂为第一针疫苗，约16.9万剂为第二针；剩余28246剂第一针疫苗，当天将接种完毕。纽约州约70%的养老院住户目前已接种疫苗。</p><p>由于疫苗数量不足，纽约市15个疫苗接种点21日推迟了所有第一针疫苗的预约，其他接种点也暂停接受新预约。科莫说，下周纽约州将接收到25.04万剂疫苗，所有接种点必须严格根据获得的疫苗数量进行预约。</p><p>疫情数据方面，1月21日，纽约州共完成新冠病毒检测26.8万例，阳性率5.65%；住院治疗的新冠肺炎病患8846人，比前一天减少209人；重症监护1546人，比前一天减少14人；死亡165人。科莫表示，近几日纽约州疫情有所缓和，住院人数在过去两天内减少了400多人，病毒检测阳性率呈降低趋势，确诊病患的增速也在放慢。</p><p>《纽约时报》说，过去两周全美的单日确诊人数、住院人数均出现下降趋势，有防疫专家认为美国正在迎来疫情“拐点”。但也有人担心，由于已发现的几种变异新冠病毒具有更强传染性，目前疫苗接种速度恐怕不足以控制其大规模传染，未来仍有可能出现新的疫情“高峰”。</p>,2021-01-23 05:20:00,17
俄罗斯展开新冠疫苗接种工作,https://www.sohu.com/a/446235862_267106?spm=smpc.sub-channel.fd-news.95.1611374159318OAEUMi5,2021-01-23 04:19,新华社,<p>新华社照片，莫斯科，2021年1月22日</p><p>1月22日，在俄罗斯首都莫斯科的古姆百货商场接种点，一名男子接种新冠疫苗。</p><p>俄自1月18日起开始全民接种新冠疫苗，民众可免费接种国产疫苗“卫星V”或“EpiVacCorona”。俄罗斯防疫指挥部22日数据显示，该国较前一日新增新冠确诊病例21513例，累计确诊3677352例，累计死亡68412例，累计治愈3081536例。</p><p>1月22日，在俄罗斯首都莫斯科的古姆百货商场接种点，人们等候接种新冠疫苗。</p>,2021-01-23 04:19:00,24
美媒：新冠疫情已在2020年蔓延至美国所有县,https://www.sohu.com/a/446229351_260616?spm=smpc.sub-channel.fd-news.96.1611374159318OAEUMi5,2021-01-23 02:04,澎湃新闻,<p>当地时间1月22日，据《华尔街日报》报道称，新冠疫情已于2020年蔓延至美国的每个县。美国最后一个县首次报告新冠确诊是在2020年12月初，夏威夷卫生官员报告了莫洛卡岛卡拉沃县卡劳帕帕的1例新冠肺炎确诊病例。 </p><p>国家公园管理局称，卡劳帕帕是美国夏威夷州卡拉沃县的一个未建制社区，地处摩洛凯岛北岸卡劳帕帕半岛底部，四周被悬崖海洋所包围，历史上曾是麻风病人的定居点。 </p><p>由于该地区偏远且交通不便，新冠疫情一直未蔓延到该地区，直至12月一名居民乘坐航班返回该地区被确诊感染新冠肺炎病毒后，美国所有县都确定存在新冠肺炎患者。 </p><p>（原题为《美媒：新冠疫情已在2020年蔓延至美国所有县》） </p>,2021-01-23 02:04:00,25
辉瑞又惹麻烦！屡次延迟交付疫苗惹怒欧盟多国，法国、意大利准备对辉瑞出手…,https://www.sohu.com/a/446220532_115362?spm=smpc.sub-channel.fd-news.78.1611374159318OAEUMi5,2021-01-23 00:14,每日经济新闻,<p>每经编辑：王晓波</p><p>疫苗生产商辉瑞陷入了一连串的麻烦，除了此前疫苗安全性引发的争议，最近又因为屡次对欧盟国家延迟交付而遭到声讨。</p><p>对于辉瑞一再削减疫苗交付剂量的情况，意大利已经准备对其采取法律手段，而法国则可能会实施制裁或罚款……</p><p>图片来源：摄图网（图文无关）</p><p>疫苗交付一再延迟，欧盟国家忍不了 </p><p>据海外网援引俄罗斯卫星通讯社报道，上周，包括辉瑞在内的制药商宣布向欧盟成员国的疫苗运输流程将延迟数周，该决定激怒了数个欧洲国家。</p><p>博内22日指出，“必须遵守承诺，否则，可能会实施罚款或制裁。”不过，博内也透露，法国预计疫苗交付工作将于当地时间25日恢复正常。</p><p>此外，报道称，2020年12月27日在法国发起的疫苗接种工作上周开始出现减缓。</p><p>尽管对欧盟国家的交付一再延迟，但似乎并未影响辉瑞疫苗的订单，日本卫生大臣Norihisa Tamura本周三表示，该国已与辉瑞签署了1.44亿剂的新冠疫苗采购合同。</p><p>图片来源：摄图网（图文无关）</p><p>被曝第一剂有效率只有51%，还有人接种后出现“面瘫” </p><p>除了延迟交付的问题，辉瑞疫苗自上市以来就伴随着诸多争议，其中安全性和有效性最受关注。以色列方面本周三表示，辉瑞公司的第一剂新冠疫苗的有效率只有51%。</p><p>另据海外网此前援引外媒的报道，以色列卫生部指出，至少13人在接受辉瑞新冠疫苗注射后出现轻度面瘫的情况。以色列官员认为，这类病例的数量可能还会增加。</p><p>一位在注射后出现这种副作用的匿名者告诉以媒，其面瘫症状持续了至少28小时。他在指出这种令人不快的反应“罕见”的同时，也承认尚未决定是否会接种第二剂疫苗。对此，以色列卫生部表示，只要面瘫情况消失，且第一次注射后没有长期后遗症，那么进行第二针接种是安全的。</p><p>除了不良反应和有效性的问题，在挪威还出现了接种辉瑞疫苗后的死亡案例。报道称，挪威此前发现23例与美国辉瑞公司新冠疫苗相关的老年人死亡病例，不久后，又有6名老人在接种辉瑞新冠疫苗后死亡，使得接种该疫苗后的死者人数升至29人。</p><p>挪威药品管理局发布公告中说，已经对其中13例死亡病例进行评估，死亡原因可能与疫苗引发的发热、恶心等不良反应有关，这些不良反应可能造成体弱老年人死亡。</p><p>每日经济新闻综合央视新闻、海外网、每经APP等</p>,2021-01-23 00:14:00,22
综合消息：亚欧地区部分国家疫情趋缓 多国继续准备接种疫苗,https://www.sohu.com/a/446220109_267106?spm=smpc.sub-channel.fd-news.123.1611374159318OAEUMi5,2021-01-23 00:10,新华社,<p>新华社努尔苏丹1月22日电综合新华社驻亚欧地区记者报道：白俄罗斯、格鲁吉亚等亚欧地区部分国家近期新冠疫情有所好转，多国继续推进疫苗接种准备工作。</p><p>据白俄罗斯卫生部22日消息，该国较前一日新增新冠确诊病例1813例，累计确诊234111例，累计死亡1628例，累计治愈218831例。白卫生部表示，本周白俄罗斯各地区疫情逐渐好转，各地部分临时收治新冠患者的非传染病医院开始回归正常工作模式。但卫生专家也指出，考虑到每年2月份当地急性呼吸道传染病患者会增多，各医院仍需做好相应准备。</p><p>格鲁吉亚政府防控新冠疫情网站22日发布的数据显示，该国当天新增新冠确诊病例903例，累计确诊251974例，累计治愈238737例，累计死亡3022例。格鲁吉亚副总理茨基季什维利当日宣布，根据目前疫情防控形势变化，格政府决定取消部分防疫限制措施，其中包括首都第比利斯等主要城市的商店、商场将于2月1日恢复营业；一些城市的公共交通和学校将分别于2月1日和3月1日恢复正常运营；但在3月1日前，在全国范围内实施的每日21时至次日5时的宵禁措施仍然有效。</p><p>据格鲁吉亚卫生部21日消息，格政府计划在2021年年底前为约170万人完成新冠疫苗接种，最终达到接种人群覆盖60%人口的目标。</p><p>乌克兰卫生部22日发布的消息说，当天该国新增新冠确诊病例5348例，累计确诊1182969例，累计死亡21662例，累计治愈928969例。据乌克兰国际文传电讯社21日报道，世界银行将向乌克兰提供25亿格里夫纳（约合8860万美元）贷款用于购买新冠疫苗。</p><p>俄罗斯防疫指挥部22日数据显示，该国较前一日新增新冠确诊病例21513例，累计确诊3677352例，累计死亡68412例，累计治愈3081536例。俄卫生部长穆拉什科当天对媒体说，目前多个国家正积极考虑使用俄方研制的“卫星V”新冠疫苗。</p><p>据哈萨克斯坦卫生部22日消息，当天该国新增新冠确诊病例1430例，累计确诊173842例，累计死亡2457例，累计治愈157597例。哈卫生部22日说，哈萨克斯坦计划在2月1日启动大规模新冠疫苗接种工作后，引入居民“免疫接种电子护照”制度，在哈萨克斯坦居民电子政务系统中实时显示持照人在何时以何种剂量接种过哪些疫苗。</p><p>吉尔吉斯斯坦新冠防控指挥部22日表示，该国较前一日新增新冠确诊病例118例，累计确诊83703例，累计死亡1396例，累计治愈79664例。吉卫生部公共卫生部门负责人阿克玛托娃21日说，吉正准备为国民逐步接种新冠疫苗：首批接种者约有120万人，约占其全国人口的20%，其中主要是医护工作者和新冠病毒感染风险高的行业工作人员。</p>,2021-01-23 00:10:00,30
斯里兰卡批准紧急使用牛津大学和阿斯利康研发的新冠疫苗,https://www.sohu.com/a/446218265_267106?spm=smpc.sub-channel.fd-news.130.1611374159318OAEUMi5,2021-01-22 23:57,新华社,<p>新华社科伦坡1月22日电（记者唐璐）斯里兰卡负责药品生产、供应和监管的国务部长贾亚苏马纳22日宣布，斯里兰卡国家药品监管局当天正式批准紧急使用英国牛津大学和阿斯利康制药公司合作研发的新冠疫苗。</p><p>贾亚苏马纳当天对斯里兰卡媒体说，上述疫苗是斯里兰卡批准的首款在该国紧急使用的新冠疫苗，另有几款疫苗还在等待斯里兰卡国家药品监管局审批。</p><p>据斯媒体22日援引斯里兰卡负责基础医疗卫生服务、流行病与新冠防控的国务部长费尔南多普莱的话报道，斯里兰卡计划使新冠疫苗接种至少覆盖全国50%人口，其中20%的人口使用的疫苗将通过参与“新冠肺炎疫苗实施计划”获得，政府将为另外30%的人口购买新冠疫苗。</p>,2021-01-22 23:57:00,32
欧盟峰会敦促疫苗生产企业遵守合同,https://www.sohu.com/a/446218371_267106?spm=smpc.sub-channel.fd-news.140.1611374159318OAEUMi5,2021-01-22 23:57,新华社,<p>新华社布鲁塞尔1月22日电（记者李骥志）欧盟27国领导人当地时间21日晚举行视频会议。与会各方一致呼吁加快疫苗配送和接种速度，敦促疫苗生产企业遵守交付合同，并表示必要时应采取一切手段保证疫苗及时供应。</p><p>欧洲理事会主席米歇尔当晚发表口头声明说，与会各方认为，要按照人口比例向欧盟各成员国同时提供疫苗，同时，要密切关注疫苗接种进程，必要时应采取一切手段保证疫苗及时供应。</p><p>与会各方在会议中讨论了新冠病毒不断变异情况下加强检测和抗疫协同事宜，并在此前提议基础上达成一系列新共识。</p><p>欧盟委员会主席冯德莱恩在会后举行的新闻发布会上说，当前欧盟需要提升新冠病毒检测能力以及病毒基因测序能力。目前欧盟只有两个成员国对阳性病例所感染病毒的基因测序比例达到10%，绝大多数国家都不到1%，这远不足以摸清病毒变异情况，新目标是要至少达到5%。</p><p>与会各方一致强调继续保持欧盟内部边境开放、单一市场正常运作、基本商品和服务流动的必要性，反对不分青红皂白地实施旅行禁令，但认为也要采取措施限制欧盟境内的非必要旅行，并表示有可能调整管控内部和外部边境的指导意见。</p>,2021-01-22 23:57:00,34
皇马主帅齐达内新冠检测呈阳性,https://www.sohu.com/a/446210653_267106?spm=smpc.sub-channel.fd-news.179.1611374159318OAEUMi5,2021-01-22 22:53,新华社,<p>新华社马德里1月22日电 西甲皇家马德里俱乐部22日官方宣布，球队主帅齐达内新冠病毒检测结果呈阳性。</p><p>皇马俱乐部在官方声明中证实这一消息，但没有透露更多细节。据西班牙媒体报道，此前齐达内与新冠确诊者有密切接触，当时进行的检测结果为阴性，因此继续执教球队。齐达内目前处于自我隔离中，尚不清楚是否有更多皇马队员需要接受隔离。</p><p>皇马近期在西班牙国内杯赛中接连失利，先是在西班牙超级杯半决赛1:2被毕尔巴鄂竞技队淘汰，之后的国王杯32强赛中又以同样比分爆冷负于西乙B球队阿尔科亚诺队。</p>,2021-01-22 22:53:00,40
外媒：法国或因疫苗延迟交付对辉瑞公司实施制裁或罚款,https://www.sohu.com/a/446205660_260616?spm=smpc.sub-channel.fd-news.119.1611374159318OAEUMi5,2021-01-22 22:16,澎湃新闻,<p>海外网1月22日消息，当地时间22日，法国欧洲事务部长克莱芒·博内（Clement Beaune）透露，由于新冠疫苗延迟交付，法国可能会对美国辉瑞制药（Pfizer）和德国生物新技术公司（BioNTech）实施制裁。 </p><p>据俄罗斯卫星通讯社报道，上周，这些制药商宣布向欧盟成员国的疫苗运输流程将延迟数周，以便集中精力改造位于比利时的生产基地。该决定激怒了数个欧洲国家。 </p><p>对此，博内22日指出，“必须遵守承诺，否则，可能会实施罚款或制裁。”不过，博内也透露，法国预计疫苗交付工作将于当地时间25日恢复正常。 </p><p>此外，报道称，2020年12月27日在法国发起的疫苗接种工作上周开始出现减缓。 </p><p>（原题为《外媒：法国或对辉瑞公司实施制裁或罚款》） </p>,2021-01-22 22:16:00,29
中方决定向巴基斯坦提供一批疫苗援助,https://www.sohu.com/a/446204858_123753?spm=smpc.sub-channel.fd-news.127.1611374159318OAEUMi5,2021-01-22 22:10,中国新闻网,<p>中新社北京1月22日电 (记者 张素)中国外交部发言人华春莹22日在例行记者会上回答巴基斯坦媒体记者提问时表示，中国政府决定向巴方提供一批疫苗援助，并且积极协调中方企业加快向巴方出口疫苗。</p><p>华春莹说，巴基斯坦是中国的全天候战略合作伙伴，双方一直有相互支持和相互帮助的优良传统，一方有难时，另一方总是毫不犹豫地伸出援手。疫情发生以来，中巴两国始终同舟共济、共克时艰。</p><p>“为支持巴基斯坦兄弟姐妹抗击疫情，中国政府决定向巴方提供一批疫苗援助，并且积极协调中方企业加快向巴方出口疫苗。昨天，王毅国务委员兼外长在同巴基斯坦外长库雷希通电话时，已经向巴方通报了中国政府这一决定。”她说。</p><p>华春莹还表示，今年是中国和巴基斯坦建交70周年。正如昨天王毅国务委员兼外长同库雷希外长通电话时所说，中巴友好历经考验，坚如磐石，已成为双方最宝贵的战略资产。无论世界局势如何变化，中巴友好合作都将坚定前行。中方愿意以中巴建交70周年为契机，同巴方开展更高水平、更广范围、更深层次战略合作，携手构建更加紧密的中巴命运共同体。</p><p>而在回答巴西媒体记者关于新冠病毒疫苗的问题时，华春莹表示，中巴在抗疫领域合作紧密。近期，两国企业和机构在巴西联合开展的新冠疫苗Ⅲ期临床试验进展顺利，希望相关合作能够为巴西人民抗疫发挥积极作用。</p>,2021-01-22 22:10:00,31
新冠确诊病例逾2400万例，美国将实施最严“口罩令”,https://www.sohu.com/a/446194287_260616?spm=smpc.sub-channel.fd-news.169.1611374159318OAEUMi5,2021-01-22 21:12,澎湃新闻,,2021-01-22 21:12:00,37
皇马主帅齐达内确诊感染新冠，归期未定,https://www.sohu.com/a/446192334_313745?spm=smpc.sub-channel.fd-news.118.1611374159318OAEUMi5,2021-01-22 20:55,界面新闻,<p>北京时间2021年1月22日，据西班牙《马卡报》报道，西甲俱乐部皇家马德里主教练齐内丁·齐达内新冠检测结果呈阳性，将缺席接下来的比赛。据西班牙《阿斯报》报道，此前齐达内与新冠患者密切接触，他的第一次核酸检测结果呈阴性，然而复查后确诊感染。</p>,2021-01-22 20:55:00,28
齐达内新冠检测呈阳性 低迷中的皇马雪上加霜,https://www.sohu.com/a/446191728_123753?spm=smpc.sub-channel.fd-news.154.1611374159318OAEUMi5,2021-01-22 20:50,中国新闻网,<p>中新网客户端1月22日电 西班牙当地时间22日，西甲豪门皇家马德里俱乐部官方宣布，一线队主教练齐达内新冠病毒检测结果呈阳性。</p><p>皇马俱乐部官方公告 </p><p>北京时间24日，皇马将在西甲联赛第20轮中对阵阿拉维斯。据悉齐达内不会出席本场比赛的赛前发布会，将会由其助手代为参加。</p><p>就在数日前，皇家马德里官方确认B队主教练劳尔新冠病毒检测结果呈阳性。短短几天之内，俱乐部一线队和二线队主帅纷纷中招。</p><p>资料图：皇家马德里主帅齐达内 </p><p>近来皇家马德里队状态平平。联赛中，目前皇家马德里在多赛一场的情况下，落后同城对手马德里竞技7分，暂居次席。而过去一周内，皇家马德里先是在西班牙超级杯半决赛中被毕尔巴鄂竞技淘汰，无缘与老对手巴塞罗那争冠，随后又在昨日凌晨进行的国王杯比赛中1:2被来自西乙B联赛的阿尔科亚诺队淘汰，无缘16强的同时也爆出本轮最大冷门。</p>,2021-01-22 20:50:00,36
西媒：疫情之下，欧洲人获得体面的住房更难了……,https://www.sohu.com/a/446189243_114911?spm=smpc.sub-channel.fd-news.131.1611374159318OAEUMi5,2021-01-22 20:33,参考消息,<p>尽管这是一项基本权利，但对于在疫情影响下面临日益严重的“经济承受能力危机”的许多欧盟公民来说，获得体面的住房并不是一种现实的可能性。</p><p>欧洲议会本周四以352票赞成、179票反对和152票弃权通过了一份相关文件。负责起草该文件的荷兰籍欧洲议员基姆·范斯帕伦塔克对埃菲社表示，在支付账单、租金或抵押贷款等方面的困难不仅“影响到人们承受的压力水平”，还阻碍了他们获得体面的住房。</p><p>在住房问题上，人们倾向于认为各国政府是唯一有能力解决该问题的主体，但范斯帕伦塔克指出，“欧盟有许多政策、法规和规定也会影响住房问题，以及欧盟各国普遍存在的住房危机”。</p><p>西班牙籍欧洲议员埃斯特雷利亚·杜拉就该文件指出：“银行监管、货币政策、贷款和抵押信贷，以及在出现金融泡沫时进行干预的能力”是布鲁塞尔在处理与住房相关问题方面的一些发挥空间。</p>,2021-01-22 20:33:00,33
美2月新冠死亡人数或增至50万 拜登政府公布7大防疫目标,https://www.sohu.com/a/446178889_162758?spm=smpc.sub-channel.fd-news.207.1611374159318OAEUMi5,2021-01-22 19:36,光明网,,2021-01-22 19:36:00,46
日本女子感染新冠在家中自杀 称抱歉给他人添了麻烦,https://www.sohu.com/a/446174640_123753?spm=smpc.sub-channel.fd-news.181.1611374159318OAEUMi5,2021-01-22 19:10,中国新闻网,<p>中新网1月22日电 据日本放送协会(NHK)报道，日本东京一名30多岁的女性感染新冠病毒后，在居家疗养时自尽身亡。</p><p>据相关人士透露，2021年1月，在东京一处公寓发现一名30多岁的女性死亡。据了解，该名女性当时已知感染了新冠病毒，正在自家疗养。从现场状况来看，其死亡属于自杀。</p><p>死者生前留言写道：“由于自己的缘故，给身边的人带来了麻烦，我感到非常抱歉。”该名女性虽然感染新冠病毒，但几乎没什么症状，可是想到身边的其他感染者，可能是被自己传染的，她苦恼万分。目前相关机构正在对此进行调查。</p><p>着手调查新冠疫情扩散造成的心理影响等课题的早稻田大学准教授上田路子指出，居家疗养人数越来越多，有必要采取心理疏导等相关对策。</p><p>上田路子指出：“不少人在感染新冠病毒后会产生各种心理压力，例如，是不是自己把病毒传染给了别人，是否给别人添了麻烦。”此外，居家疗养时，有些患者在为自己的健康感到担忧的同时，家务之类的琐事还必须亲力亲为；感染者与他人的交流也受到了限制。</p>,2021-01-22 19:10:00,41
美国波士顿一家医院1900剂新冠疫苗被毁，只因清洁工一个举动,https://www.sohu.com/a/446172809_162522?spm=smpc.sub-channel.fd-news.193.1611374159318OAEUMi5,2021-01-22 19:00,环球网,<p>【环球网报道】美国广播公司（ABC）22日报道称，近日，美国波士顿一家医院储存的近2000剂莫德纳（Moderna）新冠疫苗被毁，起因居然是储存疫苗的冰箱电源被清洁工意外切断......</p><p>报道称，此事发生在1月19日。当时，波士顿这家医院的工作人员发现，储存疫苗的一个冰箱没有工作，储存在冰箱中的1900剂莫德纳新冠疫苗被毁。</p><p>波士顿医院系统发言人凯尔·托托表示，这家医院的冰箱“放置在安全位置，并且安装了警报系统”，清洁人员在打扫时不小心将插头拔下。他还说，医院领导打算开展调查，查明为何发生该事故以及为何警报装置未被触发。</p><p>此外，报道提到，托托补充表示，补给的疫苗正在运送中，“我们预计疫苗接种工作不会中断。”</p>,2021-01-22 19:00:00,42
河野太郎立志当“令和第一疫苗搬运工” 获菅义伟力挺,https://www.sohu.com/a/446158791_162758?spm=smpc.sub-channel.fd-news.265.1611374159318OAEUMi5,2021-01-22 18:00,光明网,<p>河野太郎在国会回答在野党议员提问（时事通信社）</p><p>据日本《产经新闻》22日报道，河野当天在国会回答在野党议员提问时称，日本政府在与美国辉瑞公司签订新冠疫苗合同后，正在制定详细的接种计划，将和各地方政府进行合作，确保工作顺利展开。</p><p>河野还表示希望自己能成为“令和第一的搬运工”，引发了在野党议员的不满，指责其用词不当。一名在野党议员还追问首相菅义伟，“河野还曾自称是‘令和时代的拆房专家’，是不是不适合负责安排疫苗接种一类的细活”。</p>,2021-01-22 18:00:00,55
美国近1.2万剂新冠疫苗因运输温度过低失效,https://www.sohu.com/a/446157701_260616?spm=smpc.sub-channel.fd-news.230.1611374159318OAEUMi5,2021-01-22 17:52,澎湃新闻,,2021-01-22 17:52:00,48
美传染病专家福奇再次现身白宫谈美国疫情,https://www.sohu.com/a/446149703_267106?spm=smpc.sub-channel.fd-news.284.1611374159318OAEUMi5,2021-01-22 17:19,新华社,<p>美传染病专家福奇再次现身白宫谈美国疫情</p><p>郑昊宁</p><p>在白宫“消失”数月后，美国传染病专家安东尼·福奇21日再次现身，通报美国新冠疫情情况。</p><p>【渐趋“稳定”】</p><p>美国新任总统约瑟夫·拜登20日就职后，任用国家过敏症和传染病研究所所长福奇为总统首席医疗顾问及新冠疫情应对工作组成员。</p><p>福奇21日在白宫简报会上说，目前美国至少20个州出现英国报告的变异新冠病毒，不过迄今没有出现南非报告的变异新冠病毒。他强调，现有信息显示，目前的疫苗对变异新冠病毒“依然有效”。</p><p>按照福奇的说法，美国疫情依然“非常严重”，但过去7天的疫情数据显示，新冠病毒感染率在美国已经“稳定”。</p><p>美国疾病控制和预防中心网站21日的疫情数据显示，全美累计新冠确诊病例超过2432万例，单日新增超过18.8万例；过去7天，每10万人中每天平均新增58.4人感染。截至21日，全美累计新冠死亡病例超过40.4万例，单日新增4383例。</p><p>福奇说，如果美国70%至80%的人在夏季结束以前接种疫苗，美国在冬季来临前将在一定程度上恢复常态。</p><p>美国是全球新冠疫情最严重的国家。拜登20日就职以来，两天内已经签署多项涉及新冠疫情防控的行政命令，包括推行更为严格的“口罩令”。</p><p>【再获关注】</p><p>过去一年，特朗普政府屡屡淡化新冠疫情的影响，福奇多次就疫情在公开场合与特朗普“唱反调”，特朗普离任前他长期没有在白宫公开露面，美国民众一度在社交媒体发起“寻找福奇”活动。</p><p>拜登就职当天签署美国停止退出世界卫生组织的行政命令，福奇第二天即远程参加世卫组织会议。</p><p>福奇21日在白宫简报会上再次“不点名批评”特朗普，说声称羟氯喹可以应对新冠病毒的说法让人“很不舒服”，因为这类说法“并非依据科学事实”。</p><p>特朗普去年多次声称服用抗疟疾药物羟氯喹能够预防新冠病毒感染，但一些研究得出相反结论。</p>,2021-01-22 17:19:00,59
俄罗斯累计确诊新冠感染病例超过367万,https://www.sohu.com/a/446141930_114731?spm=smpc.sub-channel.fd-news.171.1611374159318OAEUMi5,2021-01-22 16:47,人民网,<p>人民网莫斯科1月22日电(李明琪)俄罗斯新冠疫情防控指挥部22日发布的数据显示，过去24小时俄罗斯新增确诊新冠病毒感染病例21513例，累计确诊3677352例，死亡68412例。首都莫斯科过去24小时新增确诊3037例，累计确诊907389例，死亡12831例。</p>,2021-01-22 16:47:00,38
新冠疫苗供应告急，辉瑞：愿意直售疫苗给美国各州,https://www.sohu.com/a/446136010_115479?spm=smpc.sub-channel.fd-news.146.1611374159318OAEUMi5,2021-01-22 16:26,观察者网,<p>（观察者网讯）拜登就任之际，美国新冠肺炎死亡人数已经来到40万的高峰。虽然拜登承诺在他上任100天内美国将完成1亿剂疫苗注射，但美国各州目前面临的疫苗短缺问题愈发严重。 </p><p>据彭博社报道，1月21日，美国辉瑞公司发言人表示，对于那些试图增加疫苗供应的州，该公司愿意将他们的新冠疫苗直接出售到州。不过，这仍需等待美国联邦政府的批准。 </p><p>辉瑞发言人诺兰（Eamonn Nolan）在一封电子邮件中说道，他们愿意与联邦政府合作，建立“一种分销模式，让尽可能多的美国人尽快获得疫苗。” </p><p>彭博社报道截图</p><p>报道称，美国联邦政府称已从辉瑞公司已经采购了足够给1亿人接种的疫苗，并且正在全美分发。但生产疫苗仍需要时间，对美国许多州来说，联邦政府的疫苗供应仍然不足。密歇根州、纽约州等美国州已经表示，他们正在尝试从辉瑞公司直接购买疫苗，来填补联邦政府疫苗供应的空缺。 </p><p>本月18日，纽约州州长科莫曾询问过辉瑞公司能否直接向该州直售新冠疫苗。当时，辉瑞发言人卡皮茨曾表示，该公司对更广泛的合作模式持开放态度，这将有助于加快疫苗分发速度。不过，直售到州的行动仍需联邦政府批准。 </p><p>美国辉瑞公司与莫德纳公司都曾作出承诺，到今年3月底他们将分别向美国提供1亿剂疫苗。这两家公司的新冠疫苗皆在去年底获得了美国卫生机构的批准。 </p><p>但《纽约时报》指出，这并不意味着这两家公司承诺的2亿剂疫苗就放置在仓库里等待运输。为了生产疫苗，辉瑞与莫德纳都在超负荷运转，并每周集中释放约1200万至1800万剂疫苗。 </p><p>美国疾控中心（CDC）数据显示，截至1月21日，美国联邦政府已经向州和地方政府分发了3796万剂辉瑞和莫德纳疫苗。但全美仅进行了约1754万次疫苗注射，包括1505万次首次接种与239万次二次接种。 </p><p>美国疫苗分发与接种数据 图自美国CDC</p><p>当前，美国缓慢的疫苗接种进度对新冠疫情的抑制作用并不明显，全美新冠肺炎新增病例仍居高不下。美国约翰斯·霍普金斯大学疫情数据统计，截至北京时间1月22日5时，美国过去24小时新增确诊超过18万例，累计确诊超2457万例，累计死亡超40万例。 </p><p>疫情形势在不断恶化的同时，美国多州的疫苗供应接连告急。美国有线电视新闻网（CNN）21日报道称，美国一些州官员说，他们的需求远超联邦政府的供应，他们获得的疫苗也没有联邦政府报告的那么多。 </p><p>佐治亚州官员表示，他们有足够的疫苗接种工作人员、志愿者与基础设施，但疫苗却不够。“我们每周得到大约8万剂（疫苗），这对于一个拥有1100万人口的州来说并不算多。” </p><p>旧金山市公共卫生部则称，如果没有额外的疫苗发放，他们的供应将在21日耗尽。纽约市长白思豪近日也警告，该市同样将在21日用完疫苗。他说，如果再没有额外疫苗供应，纽约市将“不得不取消接种预约”。 </p><p>美国“政客”（POLITICO）表示，美国十多个州的疫苗供应已经接近耗尽。当前纽约市已经取消了至少2.3万个疫苗接种预约。一些州如科罗拉多州和俄勒冈州正在缩窄接种疫苗的资格，或拒绝新的接种预约。 </p><p>“POLITICO”报道截图</p><p>美国食品和药物管理局（FDA）前局长斯科特·戈特利布（Scott Gottlieb）近日表示，美国当前新冠疫苗的分发和接种流程存在问题。联邦政府因计划不周、调度不力，导致各州政府的疫苗接种进度缓慢，甚至没有足够库存为已经接种过疫苗的人提供第二剂疫苗。 </p>,2021-01-22 16:26:00,35
捷克国防部长确诊感染新冠，该国新冠病例已超91万例,https://www.sohu.com/a/446134545_260616?spm=smpc.sub-channel.fd-news.276.1611374159318OAEUMi5,2021-01-22 16:20,澎湃新闻,,2021-01-22 16:20:00,56
拜登预测“严峻现实”：到2月底，将有50万美国人死于新冠,https://www.sohu.com/a/446133296_162522?spm=smpc.sub-channel.fd-news.281.1611374159318OAEUMi5,2021-01-22 16:16,环球网,<p>【环球网报道 见习记者 侯雅龄】“拜登总统为美国人描绘了一个严峻局面”，“今日俄罗斯”（RT）21日报道称，随着新冠疫情的持续，美国将面临严峻的形势，拜登颁布了旅行限制，并预测到下月底将有50万美国人死于新冠。</p><p>据报道，在美国副总统哈里斯和美国国家过敏症和传染病研究所所长安东尼·福奇的陪同下，拜登21日举行了他上任以来第一次新冠疫情简报会。会上，拜登坚称“援助就在路上”。</p><p>“在好转之前，情况还会继续恶化，”拜登解释说，“我们不是一夜之间陷入这种混乱，我们需要几个月的时间才能扭转局面。”</p><p>拜登表示，抵达美国的国际旅客不仅要在启程前接受新冠病毒核酸检测，还要在抵达后进行隔离。他还宣布了一项行政命令，要求人们在州际旅行时佩戴口罩。报道说，这项要求已经开始实施。</p><p>文章还说，拜登当天还将美国目前新冠死亡人数与二战期间美国死亡人数相提并论。“40万美国人已经死亡。这比（美国）在二战期间死亡总人数都多。”他说。</p>,2021-01-22 16:16:00,57
伦敦医疗系统因疫情承压 巴士车被改成救护车接送病患,https://www.sohu.com/a/446131240_123753?spm=smpc.sub-channel.fd-news.258.1611374159318OAEUMi5,2021-01-22 16:05,中国新闻网,<p>中新网1月22日电 据英国《卫报》报道，近期，英国新冠疫情严峻，首都伦敦医疗系统承受重压。为了减轻医院和救护车服务的巨大压力，英国国家医疗服务体系(NHS)将两辆公交巴士车，改装为救护车，用以接送病患。</p><p>据报道，拥有这两辆单层巴士车的公交汽车公司把车借给了NHS，未来将由已经接种新冠疫苗的4名司机轮班驾驶，预料未来数天内正式上路，可能被用来将伦敦各大医院的病患集中送往东伦敦的南丁格尔医院(Nightingale Hospital)。</p><p>报道称，被改造的两辆巴士都是单层公交车，车内座椅都被拆掉，并配有医疗监控和供氧设备，每辆可载运4名病患。</p>,2021-01-22 16:05:00,51
欧盟委员会主席：欧盟新冠疫苗数月后将足量,https://www.sohu.com/a/446125941_162758?spm=smpc.sub-channel.fd-news.299.1611374159318OAEUMi5,2021-01-22 15:42,光明网,<p>中新网1月22日电据俄罗斯卫星网22日报道，欧盟委员会主席冯德莱恩表示，欧盟数月后将拥有超过所需剂量的新冠疫苗，因此欧盟委员会准备提出一种机制，将部分疫苗转交第三国。</p><p>据报道，冯德莱恩近日表示：“数月后，我们将有超过我们可使用的剂量。”她补充称，因此，欧盟委员会可能提出为第三国获得其一定数量疫苗的机制。</p><p>2020年12月21日，欧洲监管机构批准辉瑞和生物新技术公司研发的疫苗用于欧洲市场。同日，欧盟委员会正式批准该疫苗，几天后疫苗开始供应给欧盟国家。最初合同的采购数量是3亿剂。</p><p>之后，冯德莱恩1月8日宣布更新与辉瑞/生物新技术公司的合同，以在原有3亿剂新冠疫苗的基础上，加购3亿剂。</p>,2021-01-22 15:42:00,62
捷克国防部长确诊新冠,https://www.sohu.com/a/446122598_162758?spm=smpc.sub-channel.fd-news.309.1611374159318OAEUMi5,2021-01-22 15:24,光明网,<p>当地时间1月21日，捷克国防部长卢博米尔·梅特纳尔在社交媒体上表示，自己确诊感染新冠病毒。截至1月21日，捷克累计确诊新冠肺炎病例超91万例。捷克众议院批准，将紧急状态延长至2月14日。据悉，捷克于去年10月5日宣布进入紧急状态，此后多次延期。</p>,2021-01-22 15:24:00,66
疫情致日本自杀人数11年来首次上升,https://www.sohu.com/a/446119297_267106?spm=smpc.sub-channel.fd-news.353.1611374159318OAEUMi5,2021-01-22 15:08,新华社,<p>【新华社微特稿】日本警察厅22日公布的初步数据显示，日本2020年自杀人数自2009年以来首次上升，其中女性自杀人数明显增加。新冠疫情引发的情绪和经济压力是导致自杀人数上升的一大原因。</p><p>2020年共有20919人自杀，比2019年多750人，其中男性13943人，女性6976人。男性自杀人数减少1%，女性大幅增加14.5%。路透社分析，在受疫情冲击严重的服务业和零售业，女性从业人员较多。</p><p>“女性自杀人数上升的痛苦趋势在持续。”厚生劳动省一名官员在记者会上说，自杀原因很多，可以确定的是，疫情对经济和生活方式的影响是其中之一。</p><p>一些维权活动人士和研究人员说，2020年上半年自杀人数呈下降趋势，但从7月起，自杀人数开始上升。10月自杀人数最多，达到2153人，是过去5年最多的月份，其中女性851人，同比增加82.6%。</p><p>另外，截至2020年11月，当年日本中小学生自杀人数为440人，为1980年开始相关统计以来最高。</p>,2021-01-22 15:08:00,72
“别再用布口罩了”：法国政府建议民众佩戴医用口罩预防新冠,https://www.sohu.com/a/446118024_260616?spm=smpc.sub-channel.fd-news.262.1611374159318OAEUMi5,2021-01-22 15:00,澎湃新闻,<p>法国卫生部部长韦朗21日表示，政府建议民众在公共场合佩戴医用外科口罩，以防新冠病毒传播。 </p><p>1月20日，人们戴口罩走在法国巴黎街头。新华社 图</p><p>据路透社1月22日报道，韦朗21日表示，与普通的布织物口罩或简单的面部遮挡相比，医用外科口罩能更好地阻止新冠病毒的传播，因此建议民众在公共场合佩戴医用外科口罩。韦朗接受TF1电视采访时称：“我能建议法国人民的就是，别再使用布口罩了。” </p><p>法国早前已施行“口罩令”，规定在公共场所必须佩戴口罩，但没有推荐具体口罩的种类。现在由于出现了传染性更强的变异新冠病毒，法国政府担心疫情的进一步传播。 </p><p>此前德国也颁布了类似的命令。据中新社19日消息，德国当日升级“口罩令”，规定在乘坐公共交通工具或购物时，民众不允许佩戴自制的简易口罩，必须佩戴医用口罩（包括外科口罩或符合N95标准的口罩）。 </p><p>法国目前的新冠死亡病例累计已超过7万例。法国学校仍然开放，一些售卖非必需品的商店也可以开门。不过，一些法国公共卫生官员也表示，发现传染率近期有所上升，同时他们也对在其他国家出现的更易传染的新冠病毒变种感到担心。 </p>,2021-01-22 15:00:00,53
希腊计划重新开放中学 专家抓紧分析变异新冠病毒,https://www.sohu.com/a/446106368_123753?spm=smpc.sub-channel.fd-news.376.1611374159318OAEUMi5,2021-01-22 14:00,中国新闻网,<p>中新网1月22日电 据欧联网援引希腊欧联通讯社报道，当地时间21日，希腊卫生部发布的统计数字显示，希腊当天新增509例新冠确诊病例，累计确诊增至150479例。新增死亡25例，累计死亡为5570例。</p><p>逐步开放各个领域</p><p>据报道，当天，希腊总理米佐塔基斯表示，当局的下一个优先事项将是重新开放中学，其它领域的活动可以再等一段时间。</p><p>报道称，希腊政府目前的策略是，听取卫生专家的建议后，一个个地开放被关闭的领域，以便在一到两周后作出评估。当疫情数据出现反弹时就能分析出原因，并可以立即纠正。但如果两个领域同时开放，那么就很难确定疫情从何而来。</p><p>希腊投资与发展部长佐治亚迪斯21日表示，希腊餐饮业并不急于重新开放，因为行业代表说，餐饮业也不想只开放非常有限的空间，这样他们的运营没有任何利润可言，餐饮业希望政府可以确保他们在再次营业后，不会又面临关闭的风险。</p><p>对于零售业本周重新开放的情况，佐治亚迪斯表示，他对前三天的情况感到满意，在商店人气和销售都不错的同时，民众和商户均遵守了防疫规则。</p><p>专家分析变异病毒</p><p>另一方面，希腊发现了越来越多携带变异新冠病毒的患者，其中2例无法追踪到感染源，这可能导致社区传播。对此，政府和民众都十分关注和担忧。</p><p>塞萨洛尼基亚里斯多德大学教授萨里吉尼斯表示，此次变异的病毒不会引起更严重的症状，而是更具传染性。他建议民众不要使用布口罩，而要使用外科口罩。</p><p>希腊病理学和流行病学教授齐奥德拉斯表示，他知道长时间的限制措施让民众感到很疲倦，但他强调了坚持佩戴口罩以及接种疫苗的重要性。他说，越早接种疫苗，越有可能避免新的耐药菌株的传播和发展。</p><p>齐奥德拉斯说，不排除新冠疫苗在未来无法抵抗变异病毒的可能性。事实上，每年的流感疫苗都会根据情况有所调整，而新冠疫苗也有可能类似。</p>,2021-01-22 14:00:00,77
东京感染新冠女性家中自杀：“给周围添麻烦了对不起”,https://www.sohu.com/a/446102096_162522?spm=smpc.sub-channel.fd-news.337.1611374159318OAEUMi5,2021-01-22 13:35,环球网,<p>本文转自【环球时报新媒体】；</p><p>据日本广播协会（NHK）22日消息，东京一名确诊感染新冠的女性在家中自杀，自杀前留下遗书写道“因为自己的原因给周围添麻烦了对不起”。</p><p>报道称，该女子确诊后基本没有任何症状，被要求在家自我隔离、疗养。周围人对此表示，“可能抑郁了，她看上去感到很烦恼的样子。” </p>,2021-01-22 13:35:00,70
美多地大麻制品企业纷纷推出广告：打疫苗，就送大麻,https://www.sohu.com/a/446100385_162522?spm=smpc.sub-channel.fd-news.358.1611374159318OAEUMi5,2021-01-22 13:28,环球网,<p>本文转自【环球时报新媒体】；</p><p>近日，美国多地大麻制品企业纷纷推出广告，市民可凭借接种新冠疫苗的证明到大麻商店领取免费大麻。</p><p>自1月初，在密歇根州、加利福尼亚州及华盛顿特区等多个允许合法使用大麻制品的地区，陆续有大麻制品企业对外宣布，当地市民可凭借接种新冠疫苗的证明，前往参与本计划的大麻商店领取免费的大麻制品。在密歇根州，这一“疫苗换大麻”的计划已宣布于今日（22日）正式开始实施。 </p><p>不少参与该计划的大麻经销商表示，他们希望通过此举鼓励更多他们的客户参与疫苗接种，以扭转许多美国人对疫苗的偏见。包括大麻消费者在内的不少网民都将这些大麻企业的推广视为“助力美国抗疫的义举”，认为这有助于改善大麻销售和消费者在当地的形象。 </p><p>但也有网民对这一“蹭热度”行为表示不满，认为这些销售精神类、对健康有不利影响制品的企业，不应该借机做推广。还有网民列举了一些被大麻销售和消费者大肆转发的报道，这些文章都在推广“大麻制品有助于预防新冠”这一目前缺乏实据的结论，甚至有不少大麻销售者将此歪曲成“抽大麻能预防新冠”。 </p><p>这些网民指出，大麻销售者真想为抗疫做贡献，不如从停止转发这类传闻开始。 </p><p>除了鼓励消费者打疫苗外，美国多个州的大麻制品企业也在力推让自己的员工能优先注射疫苗。在大麻仅限于治疗用途的马里兰州，州卫生部门下辖的大麻管理委员会曾于11日发布公告，持有相关执照的大麻供应商可以“医疗服务从业者”的身份，被列入“优先接种疫苗名单”。 </p><p>而在大麻允许被用于成人娱乐用途的加利福尼亚州，也有不少销售娱乐用途大麻的企业，以自己“在疫情期间加班提供重要物资”为名，希望能被当地卫生部门列入优先接种疫苗的名单。 </p><p>而在一个支持大麻合法化的新闻网页上，该报道还专门盘点了美国各州对大麻相关产业工人注射疫苗的有关政策，并称有许多企业在力主将本公司的员工列入优先接种计划。 </p>,2021-01-22 13:28:00,74
莫斯科医生带新冠患者打太极：练习呼吸加速康复,https://www.sohu.com/a/446092472_162522?spm=smpc.sub-channel.fd-news.420.1611374159318OAEUMi5,2021-01-22 12:48,环球网,<p>【环球网报道 记者 乔炳新】据路透社1月21日报道，俄罗斯莫斯科一处临时改造的医院中，医生带着新冠肺炎患者打太极。</p><p>受新冠疫情影响，莫斯科一家溜冰场被改造成了临时医院以收纳更多的新冠患者。医生兼太极教练亚历山大·阿利耶夫(Alexander Aliev)表示，“我们在这使用的是抗击肺结核和其他肺部疾病的方法。我们使用太极来达到呼吸练习，再加上医疗辅助设备，可以加快患者的康复速度，以最大限度地减少康复过程中的并发症和康复后可能遗留的并发症。”</p><p>“我确信这是有帮助的。你只需要掌握这些动作。” 参与其中的患者表示，所有这些东方呼吸技巧都是有益的，“它们会让你变得健康” 。</p>,2021-01-22 12:48:00,85
阿圭罗亲承新冠检测呈阳性 已出现症状正在隔离,https://www.sohu.com/a/446090778_123753?spm=smpc.sub-channel.fd-news.356.1611374159318OAEUMi5,2021-01-22 12:43,中国新闻网,<p>阿圭罗社交媒体截图。 </p><p>中新网客户端1月22日电 当地时间21日，曼城射手阿圭罗更新个人社交媒体，他表示自己新冠病毒检测结果呈阳性，目前已经出现症状，正在隔离。</p><p>阿圭罗在个人社交媒体上表示，“在成为密切接触者之后，我一直被要求居家隔离。在最近一次的检测中，我被查出新冠阳性。我现在有一些症状，并一直在遵医嘱进行治疗，大家都要保重。”</p><p>作为近年来曼城锋线上最重要的攻击手，本赛季阿圭罗鲜有表现的机会。他先是受到伤病困扰，之后又出现了新冠肺炎症状。</p>,2021-01-22 12:43:00,73
日本一新冠患者担心在家隔离时感染女儿 留遗书后自杀,https://www.sohu.com/a/446082960_119038?spm=smpc.sub-channel.fd-news.196.1611374159318OAEUMi5,2021-01-22 11:57,中国青年网,<p>海外网1月22日电 据日本放送协会和共同社报道，东京都的一名新冠患者在家中接受隔离期间自杀，她在遗书中写道，“我给周围的人添了很多麻烦，非常抱歉”。</p><p>报道称，她是一名无症状患者，确诊后在家中接受隔离期间，一直担心自己会传染给女儿。本月中旬她被发现死在家中，从现场情况看认定为自杀。</p><p>随着日本新冠疫情的持续扩散，越来越多的轻症和无症状患者被要求在家中接受隔离。日本早稻田大学准教授上田路子称，“在家中接受隔离会对患者造成巨大的精神压力，卫生部门和患者家属需要密切关注他们的精神状况”。</p>,2021-01-22 11:57:00,43
外媒：中国打响春节疫情防控阻击战,https://www.sohu.com/a/446074994_114911?spm=smpc.sub-channel.fd-news.260.1611374159318OAEUMi5,2021-01-22 11:19,参考消息,<p>报道称，邬惊雷在下午召开的上海市新冠肺炎疫情防控工作新闻发布会上介绍，本次三例确诊中，有两例是在此前上海交通大学医学院附属仁济医院和复旦大学附属肿瘤医院的核酸检测中发现的。</p><p>另据路透社上海/北京1月21日报道，由于面临2020年3月以来最严重的新疫情，中国计划在春节期间实施严格的新冠病毒检测措施，届时数以千万计的人将在国内流动。</p><p>报道称，中国政府呼吁民众在2月春节期间减少外出，以避免下一场疫情暴发。</p><p>中国国家卫生健康委员会在网上发布通知说，春节期间外地“返乡人员要持有7日以内的核酸阴性检测证明”。</p><p>报道指出，中国有2.8亿农民工，其中大多数通常在春节期间回到家乡。</p><p>通知说，进口冷链产品或防疫设施领域的从业人员返乡即使不出省也需要进行检测。</p><p>一名卫健委官员周三在记者会上表示，所有返乡人员都应接受检测。</p><p>此外据路透社北京1月20日报道，中国国家卫生健康委员会疾控局监察专员王斌周三称，截至目前，中国已有超过1500万人次接种新冠疫苗。</p><p>她在国务院联防联控机制发布会上介绍，中国新冠疫苗接种工作正在稳步有序地推进，按照城乡分开、口岸优先、区分轻重缓急稳妥有序的原则来逐步推进，边境口岸、从事国际国内交通运输的重点人群，以及保证社会基本运转的从业人员等作为重点人群给予优先接种；未来接种人群将逐渐扩大到儿童、老年人等。</p><p>报道称，今年春运是疫情防控常态化下的第一个春运，中国交通运输部运输服务司副司长王绣春在同场发布会上说，预计2021年全国春运期间发送旅客17亿人次左右，日均4000万人次，比2019年下降四成多，比2020年增加一成多，“春运的压力还是比较大的”。</p><p>又据美国《华尔街日报》网站1月20日报道，在中国面临自去年年初新冠疫情暴发以来最严重的疫情反弹之际，中国卫生部门加大了防控力度。</p><p>报道称，在河北、黑龙江和吉林等北方省份，多个城市建立了临时隔离设施，对数以百万计的居民实施隔离，并在全市范围内展开多轮检测。</p><p>据中国国家媒体报道，与此同时，身着防护服的志愿者大军已经前往疫情地区，对空荡荡的街道和商铺进行消毒。</p><p>临时医院和隔离点——有的是由酒店和宿舍改造而成——通过将疑似病例和轻症患者与健康人群隔离开来，防止病毒进一步传播，在降低感染率方面发挥了重大作用。</p><p>报道提到，北京自17日至19日共发现10例新增病例，目前也已进入戒备状态。未来几天，北京南部某区100多万人将接受检测，而出现确诊病例的居民小区和附近一个地铁站均已被封锁。</p><p>报道称，尽管北京市民仍可外出就餐、上班和逛商场，但市政府自19日以来加强了对公众集会的管理，还减少了公共交通载客量。除因公务和个人紧急事务外，中高风险地区的国内旅客禁止进入首都。</p>,2021-01-22 11:19:00,52
意伦巴第大区不满疫情区域划分提诉讼 法院下周裁定,https://www.sohu.com/a/446073701_123753?spm=smpc.sub-channel.fd-news.419.1611374159318OAEUMi5,2021-01-22 11:11,中国新闻网,<p>中新网1月22日电 据欧联网援引欧联通讯社报道，上周，意大利政府将伦巴第大区升级成红色疫情高风险地区，引发大区政府不满。在向卫生部申诉无果后，伦巴第大区随即诉诸于罗马行政法院。</p><p>据报道，伦巴第大区主席丰塔纳在诉讼中要求中央政府撤回3条政令。首先是意大利卫生部部长斯佩兰扎在1月16日签署的法令，内容规定伦巴第大区直至1月31日，将划归红色高风险疫情管控区域。</p><p>其二是意总理孔特1月14日签署的法令，其更新了大区红色疫情高风险和橙区中风险的划分标准；其三是2020年4月30日被签署的总理法令，该法令规定了监控防疫风险的划分标准。</p><p>罗马行政法院法原定于21日裁定伦巴第大区是否取消红区疫情高风险区域的听证会，因故推迟至本月25日举行。法院表示将等待最新疫情监测数据公布后再做定夺。</p><p>不过，即便罗马行政法院同意取消对伦巴第大区红色疫情高风险区域的认定，离意卫生部1月31日的红色疫情高风险区域的解禁日期，也仅剩下了不到1周时间。</p>,2021-01-22 11:11:00,84
英国新冠肺炎确诊病例不断激增 医院“如同战区”,https://www.sohu.com/a/446070345_255783?spm=smpc.sub-channel.fd-news.176.1611374159318OAEUMi5,2021-01-22 10:58,北青网,<p>截至当地时间1月21日，英国新增新冠肺炎确诊病例37892例，累计确诊达3543646例；新增死亡病例1290例，累计达94580例。英国新冠肺炎确诊病例不断激增。英国政府首席科学顾问帕特里克·瓦兰斯20日说，医疗系统接治大量病人，压力巨大，一些医院眼下“如同战区”。</p><p>英国天空新闻频道报道称，英国政府首席科学顾问瓦兰斯表示，目前新冠患者入院人数猛增，医疗体系承受巨大压力，一些医院里医护人员“忙得像打仗”，“医院看起来如同战区”。有医护人员表示，患者数量不断增加，有医护人员出现心理健康问题。</p><p>英国皇家德比医院重症监护咨询医生 格雷格·弗莱彻：病例数持续上升，势头不减。我们接收的患者数量也一直增加。</p><p>英国皇家德比医院重症监护室护士 凯莉·克拉克：有些医护人员劳累过度，心理受到很大创伤。很多医护人员出现心理健康问题，很多医护人员都在加班，身体疲惫不堪。</p><p>英国政府首席科学顾问瓦兰斯总结疫情防控的经验教训时表示，关于施行限制性措施的教训是“应该更早、更严格、更广泛地”采取行动。他说，过早解除“封城”等限制性措施也是错误的。“每一次太快解除”限制措施，疫情数据“就会出现一拨增长，在全球都是如此”。</p>,2021-01-22 10:58:00,39
希腊一医生接种第一剂疫苗后感染新冠 专家发出警告,https://www.sohu.com/a/446063233_123753?spm=smpc.sub-channel.fd-news.390.1611374159318OAEUMi5,2021-01-22 10:30,中国新闻网,<p>中新网1月22日电 据希腊《中希时报》报道，希腊一家新冠定点医院20日发声明称，一名医生在接种第一剂疫苗15天后，核酸检测结果呈阳性。专家呼吁民众引起重视，严格遵守防疫措施。</p><p>当地时间1月21日傍晚，希腊国家公共卫生组织宣布，过去24小时，希腊新增509例新冠确诊病例，累计确诊150479例；当日新增死亡25例，累计死亡5570例。</p><p>据报道，希腊新冠定点医院塞萨洛尼基大学医院在20日，发布了关于接种疫苗医护健康状况的声明，其中一名35岁发热门诊医生在接种第一剂疫苗15天后，其核酸检测结果呈阳性，目前症状尚不严重，正在居家隔离。</p><p>塞萨洛尼基大学医院负责人帕纳吉奥蒂斯·潘特里亚迪斯表示，这名发热门诊医生在17日出现了咳嗽、发热等症状，核酸检测结果为阳性。据介绍，他在症状出现前15天，已接种了第一剂疫苗。这名医生暂无更为严重的症状，正在进行居家隔离，并未入院治疗。</p><p>报道称，泛希腊公立医院雇员联合会主席米哈利斯·吉安纳科斯呼吁民众据此引起重视，严格遵守防疫措施，至少在两剂疫苗均接种完毕后，才能基本安全。</p><p>潘特里亚迪斯则更为谨慎地表示：“我在1月19日进行了第二剂疫苗的接种，同时仍一直戴着口罩。这名医生的例子告诉我们，即使接种了疫苗也不能放松警惕。”他还强调，只有实现60%至70%的疫苗接种率，才可以信任群体的免疫水平。</p><p>近日，就职于日内瓦大学的希腊籍遗传医学院教授马诺里斯·德尔米基塔基斯表示，“虽然现阶段我们没有什么需要特别担心的，但必须注意到，在接种疫苗计划进行的同时，新冠感染病例仍在增加。”</p><p>德尔米基塔基斯称：“因此，我们必须继续观察病毒的变异，无论是现在已知的变异毒株，还是世界范围内其他新的变异毒株，都要观察。这样我们才能预防那些疫苗也无法应对的变异病毒，从而控制变异毒株的传播。”</p>,2021-01-22 10:30:00,81
外媒：辉瑞和BioNTech同意向世卫COVAX提供疫苗,https://www.sohu.com/a/446062558_260616?spm=smpc.sub-channel.fd-news.378.1611374159318OAEUMi5,2021-01-22 10:27,澎湃新闻,<p>据两名知情人士透露，美国制药公司辉瑞与德国生物新技术公司（BioNTech）已同意向世界卫生组织主导的COVAX（新冠肺炎疫苗实施计划）提供新冠疫苗。 </p><p>据路透社22日报道，目前尚不清楚辉瑞和BioNTech与COVAX达成的交易规模或疫苗单价。但消息人士表示，提供的疫苗规模可能相对较小。另一位消息人士称，这些有限的疫苗，主要供应给COVAX国家中的医护人员。预计正式消息将于23日公布。此前，世卫组织在去年12月31日宣布，将其首个新冠疫苗紧急使用认证发给辉瑞和BioNTech联合研发的疫苗。 </p><p>世界卫生组织8日宣布，COVAX已落实20亿剂疫苗合同，将于疫苗交付后立即分配给参与计划的各经济体。迄今为止，COVAX已经和药企阿斯利康公司及牛津大学、印度血清研究所、法国药企赛诺菲及其合作伙伴葛兰素史克达成了未来疫苗供应的合作。 </p><p>“新冠肺炎疫苗实施计划”由世界卫生组织和全球疫苗免疫联盟、流行病防范创新联盟共同牵头成立，拟于2021年底前向全球提供20亿剂新冠肺炎疫苗。 </p>,2021-01-22 10:27:00,78
英国累计新冠确诊病例升至3543646例,https://www.sohu.com/a/446061893_115239?spm=smpc.sub-channel.fd-news.333.1611374159318OAEUMi5,2021-01-22 10:25,国际在线,<p>1月21日，人们在英国泰晤士河畔金斯顿街头行走。</p><p>英国政府21日发布的数据显示，该国当天新增新冠确诊病例37892例，累计确诊病例达3543646例。</p><p>新华社记者 韩岩 摄</p><p>1月21日，人们在英国泰晤士河畔金斯顿街头。新华社记者 韩岩 摄</p><p>1月21日，一名戴口罩的男子从英国泰晤士河畔金斯顿街头的红色电话亭雕塑旁走过。新华社记者 韩岩 摄</p><p>1月21日，一名戴口罩的女子从英国泰晤士河畔金斯顿街头的红色电话亭雕塑旁走过。新华社记者 韩岩 摄</p><p>1月21日，一名戴口罩的男子从英国泰晤士河畔金斯顿街头的红色电话亭雕塑旁走过。新华社记者 韩岩 摄</p><p>1月21日，戴口罩的人们在英国泰晤士河畔金斯顿街头行走。新华社记者 韩岩 摄</p><p>1月21日，戴口罩的人们走在英国泰晤士河畔金斯顿街头。新华社记者 韩岩 摄</p>,2021-01-22 10:25:00,68
美多地疫苗短缺难预约 民众：感觉身处没有出口的迷宫,https://www.sohu.com/a/446055859_115239?spm=smpc.sub-channel.fd-news.300.1611374159318OAEUMi5,2021-01-22 10:01,国际在线,<p>美国有线电视新闻网21日报道，美国当前多地疫苗供不应求，一些地方甚至取消已经预约的接种计划。多州和地方官员担心，现有疫苗供应速度恐怕难以扭转疫情的持续恶化。</p><p>美国有线电视新闻网报道称，在佐治亚州，有充足的设施、工作人员和志愿者进行疫苗接种，唯独疫苗不够。当地公共卫生负责人说，佐治亚州每周只得到8万剂疫苗，而全州有1100万人口。</p><p>旧金山公共卫生部门宣布，如果得不到补充，当地疫苗将在21日前告罄。</p><p>纽约市长比尔·德布拉西奥20日说，纽约市疫苗21日用尽。纽约州州长科莫说，当地疫苗将在本周末前耗尽，以当前供应速度，需要7个半月时间才能得到足够疫苗为适宜人群接种。</p><p>由于疫苗供应不足，佛罗里达州一家医疗中心已经取消20日以后的所有第一剂疫苗接种预约。</p><p>接种预约难 民众如在没有出口的迷宫</p><p>由于疫苗供应不足，美国出现接种预约困难的情况，美国多地还出现“打了第一针却约不上第二针”的尴尬局面，这让很多美国民众感到焦虑和恐慌。</p><p>纽约 当地居民：预约网站一直处于崩溃的状态，我们登录后也不停地被“踢”出来。</p><p>纽约 当地居民：我在不同的时间回拨了60次预约电话（才约上）。 </p><p>纽约 新冠疫苗接种预约电话热线服务：感谢您拨打纽约州新冠疫苗电话预约热线，疫苗接种只接受预约服务。</p><p>在无数次回拨预约电话后，纽约居民杜卡斯终于约上了第一剂新冠疫苗接种，然而那一天却是三个月之后的4月中旬，地点在需要开车6个小时才能到达的另外一座城市。</p><p>而他们还算是幸运的，很多符合优先接种条件的老年人数周都没能预约成功。随着疫苗即将“断供”的消息不断曝出，接种的机会也似乎越来越渺茫。</p><p>纽约 当地居民：我感觉自己身处在一个没有出口的迷宫里，这几周我一直在打电话，但从没接通过。</p><p>美国新冠疫苗需要分两剂次接种，间隔时间为三周到四周，据《科学》杂志近期研究指出，第二剂疫苗的延迟接种或者不接种会降低疫苗的有效性。</p><p>在佛罗里达州，已有45000人错过了第二剂新冠疫苗接种日期。很多民众说，眼看自己的第二剂疫苗接种日子快到了，却一直没有收到该有的接种通知，这让他们颇感焦虑。</p><p>佛罗里达 当地居民：1月28日我即将接种第二剂疫苗，但他们到现在一直没有联系我。</p><p>佛罗里达 当地居民：我们感到非常非常焦虑，我也没有收到接种通知，他们没有联系我。</p><p>佛罗里达 当地居民：（接种疫苗方面的）信息一直很混乱，我不相信这项工作正在有序开展。</p>,2021-01-22 10:01:00,63
​东京奥组委再次出现新冠病例，2名职员确诊,https://www.sohu.com/a/446045596_114988?spm=smpc.sub-channel.fd-news.197.1611374159318OAEUMi5,2021-01-22 09:16,新京报,<p>新京报讯 据央视网体育报道，北京时间1月21日，据日本媒体报道，位于日本东京中央区的东京奥组委办公室再次出现新冠疫情，在此处工作的2名职员确诊感染新冠病毒。确诊的两人中，一人为30多岁的女性，于20日确诊；另一人为40多岁的男性，于21日确诊。</p>,2021-01-22 09:16:00,44
印度“世界最大疫苗制造中心”发生火灾 5人死亡,https://www.sohu.com/a/446044467_114911?spm=smpc.sub-channel.fd-news.304.1611374159318OAEUMi5,2021-01-22 09:14,参考消息,<p>报道称，火灾发生于印度血清研究所在印度西部城市浦那的一栋在建建筑。媒体消息称，火情得到控制后，救援人员从建筑中找到五具尸体，该数据得到当地官员证实。</p><p>当地电视新闻画面显示，事发地点升起浓浓黑烟。</p><p>印度血清研究所负责生产数百万剂由阿斯利康制药公司和牛津大学共同研制的新冠疫苗。报道称，许多其他国家也依赖于这家公司的疫苗供应。</p><p>不过报道援引该公司一名消息人士的话说：“这（火灾）不会影响新冠疫苗生产。”</p><p>印度血清研究所首席执行官阿达尔·普纳瓦拉在推特上说：“我们深感悲痛，向死者家属表示最深切的慰问。”</p><p>印度总理莫迪表示，他“对逝去的生命感到悲痛”。</p>,2021-01-22 09:14:00,64
印度新冠疫苗工厂火灾致5人死亡，变异株传播加快欧洲国家要求戴防毒面具 | 国际疫情观...,https://www.sohu.com/a/446039939_313745?spm=smpc.sub-channel.fd-news.283.1611374159318OAEUMi5,2021-01-22 08:50,界面新闻,<p>图片来源：视觉中国</p><p>（本文持续更新中。文中段首所示时间为本文更新时间。）</p><p>全球 </p><p>0800【全球累计新冠确诊病例超9742万】</p><p>据约翰斯·霍普金斯大学的疫情追踪数据，截至北京时间1月22日上午8点，全球累计确诊新冠肺炎病例97425832例，累计死亡2087820例。</p><p>图片来源：约翰斯·霍普金斯大学 </p><p>0800【外媒：辉瑞/BioNTech同意供应世卫组织共同领导的新冠疫苗计划】 </p><p>北美 </p><p>0800【拜登公布“战时”抗疫计划，称美国将进入最艰难阶段】</p><p>0800【拜登新政府将实施10项新冠相关行政命令】</p><p>拜登的计划主要强调加大新冠病毒检测的范围，加快疫苗接种的速度，并向州和地方官员提供更多资金和指导。该计划的最大目标为通过种种努力逐渐恢复美国公众在疫情中对政府的信任。</p><p>0800【美媒：拜登政府面临重大挑战 疫苗分配计划需从零开始】</p><p>据了解拜登新政府及疫情相关工作的消息人士透露，拜登政府没有从特朗普政府那里得到任何疫苗分配计划。</p><p>根据美国疾病控制和预防中心的数据，截至1月20日，全美已接种约1650万剂疫苗，而这个数据远低于特朗普政府制定的“到2020年底接种2000万剂疫苗”的目标。</p><p>0800【拜登要求除高层人员外其余白宫工作人员在家中办公】</p><p>0800【拜登积极抗疫政策和刺激计划前景继续提振股市】</p><p>周四美股三大股指再创新高，截至发稿，标普500指数涨0.19%，纳斯达克指数涨0.51%，道琼斯指数涨0.11%。欧洲主要股指小幅下跌。</p><p>0800【福奇：特朗普离任后，我可以诚实地谈论新冠疫情】 </p><p>0800【美近1.2万剂新冠疫苗运输不当失效】 </p><p>0800【死亡率翻倍，美国洛杉矶县今年已有超四千人因新冠死亡】</p><p>根据洛杉矶县卫生部的分析，在2020年9月和10月，洛杉矶县的新冠死亡概率大概在八分之一。但是自2020年11月至今，新冠的死亡概率提升到了四分之一。</p><p>0800【美国上周首次申领失业救济人数为90万】</p><p>预估为93.5万，前值为96.5万。</p><p>0800【美国联合航空2020年净亏损71亿美元，2月开始将为旅客提供新冠检测】</p><p>联合航空指出，预计2021年的客运量将比2019年第一季度下降至少51％。即使在疫苗分发后，航空业务需求也将需要18到24个月才能恢复。</p><p>0800【加拿大护理院发现新冠病毒不明变异株，19人死亡】</p><p>安大略省公共卫生实验室正进一步调查这个“不明变异”是不是英国、南非或巴西的变异之一，或者是另一种不同的变异。自8日当地卫生局宣布该护理院发生疫情到20日，这家护理院的130名居民中已有122名被感染，还有69名员工以及两名访客也被感染，共死亡19人。</p><p>欧洲 </p><p>0800【欧洲央行确认疫情购债计划规模为1.85万亿欧元】 </p><p>0800【辉瑞推迟疫苗交付，意大利威胁法庭见】</p><p>美国辉瑞制药有限公司上周以其位于比利时的制药厂需改造以提高产能为由，临时放缓新冠疫苗交付速度，招致欧洲多国不满。其中辉瑞18日起将交付意大利的疫苗剂量削减29%。</p><p>0800【意大利新增确诊病例14078例，累计2428221例】 </p><p>新增死亡521例，累计死亡84202例。</p><p>0800【德国累计确诊病例超206万例，默克尔呼吁欧洲采取统一的防疫措施】</p><p>德国联邦卫生部长施潘呼吁，在欧洲范围内对跨境通勤者实施统一的病毒检测措施。</p><p>0800【英国新增新冠肺炎确诊病例37892例，累计3543646例】</p><p>截止到当地时间1月21日，新增新冠确诊死亡患者1290人，累计死亡94580人。</p><p>0800【英国将对英格兰地区超过15人的家庭聚会处以罚款】</p><p>从下周起将在英格兰地区对超过15人的家庭聚会罚款800英镑（约合人民币7088元），再次违法则处罚加倍，最高罚款额可达6400英镑（约合人民币56700元）。英国媒体分析，这意味着英国近期不会放松目前执行的严格疫情防控措施。</p><p>0800【荷兰国会批准执行全国宵禁措施，1月23日起开始实施】</p><p>0800【荷兰皇家航空公司要继续削减1000个工作岗位】 </p><p>0800【波兰确认发现变异新冠病毒】 </p><p>0800【变异毒株传播速度加快，捷克计划强制民众公共场所戴防毒面具】</p><p>德国和奥地利已经提出这一要求。</p><p>0800【普京：2020年俄罗斯经济通胀有所加剧】</p><p>俄罗斯总统普京表示，2020年俄罗斯的经济衰退没有诸多发达国家和发展中国家严重，但通货膨胀有所加速，达到4.9％，超出了央行目标。</p><p>亚洲</p><p>0800【印度疫苗制造商工厂发生火灾，已造成5人死亡】</p><p>印度血清研究所正在生产数百万剂由英国阿斯利康公司和牛津大学研发的新冠疫苗。该研究所相关负责人表示，火灾暂未对新冠疫苗生产造成影响。</p><p>初步调查怀疑，火灾或由电气故障引起。</p><p>0800【外媒：印度将向南亚国家提供千万剂新冠疫苗】</p><p>这标志着印度以周边邻国为重心的“疫苗外交”正式开场。</p><p>0800【日本2月下旬启动新冠疫苗接种计划，日媒：太慢，这不是发达国家应有的姿态】</p><p>0800【日本2020年消费者物价指数降0.2%，时隔3年出现负增长】 </p><p>0800【国际奥委会主席相信东京奥运会如期举办，日本首相称筹备奥运不以接种疫苗为前提】</p><p>非洲 </p><p>0800【南非总统府部长因新冠肺炎去世】</p><p>0800【因南非疫情升级，多国对南非颁布“禁飞”令】</p><p>中东 </p><p>0800【沙特已暂停接种美国辉瑞新冠疫苗】</p><p>由于美国辉瑞公司提供给沙特阿拉伯的疫苗出现延误，沙特阿拉伯卫生部宣布被迫延迟为本国居民接种新冠疫苗。</p><p>0800【黎巴嫩“居家令”延长至2月8日】</p>,2021-01-22 08:50:00,58
外媒：日本政府私下得出结论称，由于新冠肺炎疫情，东京奥运会将不得...,https://www.sohu.com/a/446040656_115362?spm=smpc.sub-channel.fd-news.219.1611374159318OAEUMi5,2021-01-22 08:49,每日经济新闻,<p>每经记者：蔡鼎 每经编辑：步静</p><p>每经AI快讯，路透社援引《泰晤士报》称，日本政府私下得出结论称，由于新冠肺炎疫情，东京奥运会将不得不取消。日本政府现在的重点是确保2032年东京奥运会的安全。</p>,2021-01-22 08:49:00,47
古巴预计年内生产1亿剂本土研发的新冠疫苗,https://www.sohu.com/a/446200219_114731?spm=smpc.sub-channel.fd-news.361.1611374159318OAEUMi5,2021-01-22 08:00,人民网,<p>新华社哈瓦那1月21日电 （记者朱婉君）据古巴媒体21日报道，古巴芬利疫苗研究所所长比森特·贝雷斯宣布，该国预计在今年年内生产1亿剂本土研发的“主权02”新冠候选疫苗。</p><p>贝雷斯20日表示，古巴计划在今年年内为古巴全民免费接种“主权02”，此外已有多国表达了购买该疫苗的意愿。</p><p>据了解，“主权02”于去年12月下旬进入Ⅱ期临床试验阶段，是拉美地区首款到达该阶段的本土研发新冠候选疫苗。本周起，研究人员将在目前的Ⅱ期临床试验中扩大样本量，为900名年龄在19至80岁之间的志愿者注射该疫苗。</p>,2021-01-22 08:00:00,76
葡萄牙日增新冠死亡病例数创新高,https://www.sohu.com/a/446200404_114731?spm=smpc.sub-channel.fd-news.289.1611374159318OAEUMi5,2021-01-22 08:00,人民网,<p>新华社里斯本1月21日电 （记者赵丹亮）葡萄牙卫生总局21日报告新增新冠确诊病例13544例，新增死亡病例221例，单日新增死亡病例数在过去4天里连创新高。</p><p>葡萄牙总理科斯塔21日晚表示，如果不出意外，今年夏末葡成年人接种疫苗的比例有望达到70%。他说，目前葡已有20多万人接种了新冠疫苗，为医护人员和养老院老人接种的阶段性计划有望于下周末完成。</p><p>面对严峻疫情，葡萄牙政府连日来不断强化防控措施。科斯塔21日宣布，为阻止英国发现的变异新冠病毒蔓延至葡，葡将从本月23日开始停止往来英国的所有客运航班。</p><p>葡萄牙卫生部长特米多20日对当地媒体说，因大量新冠患者入院治疗，目前葡多家医院陷入“灾难”状态，预计3月中旬葡累计新冠死亡病例数可能达2万。</p>,2021-01-22 08:00:00,61
拜登新政府将实施10项新冠相关行政命令,https://www.sohu.com/a/446031942_115239?spm=smpc.sub-channel.fd-news.328.1611374159318OAEUMi5,2021-01-22 07:50,国际在线,<p>当地时间1月21日，美国总统拜登公布了新政府新冠应对计划的详细信息，计划中列出了10项新冠相关行政命令，并指示各机构使用《国防生产法》，以加强抗疫力度。</p><p>拜登的计划主要强调加大新冠病毒检测的范围，加快疫苗接种的速度，并向州和地方官员提供更多资金和指导。该计划希望能为更多的人接种新冠疫苗，并且在疫情得到缓解的情况下安全地恢复学校，企业和旅行的正常运行。据悉，该计划的最大目标为通过种种努力逐渐恢复美国公众在疫情中对政府的信任。</p>,2021-01-22 07:50:00,67
加州应对新冠疫情表现糟糕，安全性全美评比排名倒数,https://www.sohu.com/a/446028968_255783?spm=smpc.sub-channel.fd-news.234.1611374159318OAEUMi5,2021-01-22 07:23,北青网,"<p>当地时间周四, 个人信用评比公司Wallethub发布一项调查结果。在比较美国50个州及首都华盛顿哥伦比亚特区应对新冠疫情的综合表现中，加州综合评分位列第45名，被评为最不安全的少数州之一。调查包括疫苗注射、病毒检测、收医、死亡率和感染率等几个方面。研究发现，加州测试阳性病人数目列第49名，住院人数列47名，但疫苗注射速度全美倒数第三，招致广泛批评。按照目前的疫苗注射进度,加州需要至少4个月才能完成对所有65岁以上老人的接种。（记者 常君）</p>",2021-01-22 07:23:00,49
加拿大护理院发现新冠病毒不明变异株，19人死亡,https://www.sohu.com/a/446028719_255783?spm=smpc.sub-channel.fd-news.202.1611374159318OAEUMi5,2021-01-22 07:19,北青网,<p>据加拿大《环球邮报》的最新报道，加拿大多伦多北部一家长期护理院发现一种新冠病毒的不明变异菌株，已造成多人死亡。初步检测发现，这家护理院六名居民的病毒样本与新冠病毒在英国、南非和巴西的变异菌株在同一个位置有一部分相同的基因序列，安大略省公共卫生实验室正进一步调查这个“不明变异”是不是上述三种变异之一，或者是另一种不同的变异。自8日当地卫生局宣布该护理院发生疫情到20日，这家护理院的130名居民中已有122名被感染，还有69名员工以及两名访客也被感染，共死亡19人。（记者 李娜）</p>,2021-01-22 07:19:00,45
死亡人数超二战！拜登十项行政令发力抗疫：目前的疫苗分发计划是“彻底的失败”，美国...,https://www.sohu.com/a/446028641_115362?spm=smpc.sub-channel.fd-news.236.1611374159318OAEUMi5,2021-01-22 07:16,每日经济新闻,<p>每经编辑：步静</p><p>图片来源：视觉中国</p><p>当地时间21日下午，美国新任总统拜登就新冠肺炎疫情的应对发表讲话，并签署多项有关行政令。他表示，美国的疫情应对是“战时任务”，接下来很可能进入最艰难的时期。</p><p>拜登称，其政府的一项首要任务是“恢复公众信任”。“我们会确保，科学家和公共卫生专家直接面向民众。”他说道，“所以人们会听到更多安东尼·福奇的声音，不是总统，而是真正的科学家和专家的话。”</p><p>根据美国约翰斯·霍普金斯大学的统计数据显示，截至美国东部时间21日16:22（北京时间22日05:22），美国新冠肺炎确诊病例已经超过2457万例，达到24570340例，死亡病例已超过40.8万人，达到408877人。</p>,2021-01-22 07:16:00,50
美国宣布停止退出世卫组织 并有意加入“新冠肺炎疫苗实施计划”,https://www.sohu.com/a/446025070_115239?spm=smpc.sub-channel.fd-news.351.1611374159318OAEUMi5,2021-01-22 06:50,国际在线,<p>国际在线报道（记者 易歆）：美国传染病专家安东尼·福奇21号以美国新任总统拜登首席医学顾问的身份，率领美国代表团以远程参与的方式出席世界卫生组织第148届执行委员会会议。福奇在会议上发言指出，美国将继续留在世卫组织，以“多边方式”抗击新冠肺炎疫情。</p><p>安东尼·福奇在当天的发言中，首先向世卫组织“领导全球抗击疫情的努力”表示感谢。他指出，在艰难的情况下，世卫组织集合了科研和研发团队，加速推进疫苗、治疗和诊断方法的问世；定期召开在线记者会，以权威方式追踪全球疫情进展；向各国提供了实验室检测试剂，防护用品等数百万件关键物资；同时还向各国的抗疫工作给予了不懈的支持。福奇表示，美国将留在世卫组织：“我荣幸的宣布，美国将继续作为世界卫生组织的一员。拜登总统已经签署信函，撤销了上一任政府退出该组织的决定，相关信函也已经转交给联合国秘书长以及（世卫组织总干事）谭德塞博士。除了停止退出世卫组织，美国也将停止缩减其派往世卫组织的工作人员，并重启美国政府人员与世卫组织的合作。美国也计划履行其对于世卫组织的资金义务。”</p><p>2020年7月，美方正式致信联合国及世界卫生组织，宣布退出世卫组织。不过根据美国加入世卫组织时设定的条件，美国正式退出世卫组织需提前一年提出申请，并完全履行有关财政义务。当时作为总统候选人的拜登表示，如果他赢得总统大选，会立即停止美国退出世卫组织的程序。</p><p>福奇在发言中还表示，美国将加强与世卫组织在各层面的技术合作，以多边方式参与全球抗疫。“今天，我同样很高兴的宣布，美国计划以多边方式应对新冠肺炎疫情、并从疫情中复苏。拜登总统将签署命令，表明美国有意加入‘新冠肺炎疫苗实施计划’，并支持‘获取抗击新冠肺炎工具加速计划’，以推进新冠疫苗、治疗和诊断方式的分配、平等获取和研发。”</p><p>世卫组织、全球疫苗免疫联盟等机构去年主导建立了“新冠肺炎疫苗实施计划”，以确保疫苗在全球范围的公平分配。这一计划已经向多家疫苗生产商订购了20亿剂新冠疫苗，但目前在多国普遍使用的美国辉瑞公司的疫苗和莫德纳公司的疫苗都没有包括在内。</p>,2021-01-22 06:50:00,71
拜登任期前3周，美疾控中心预测：美新冠总死亡数将破50万,https://www.sohu.com/a/446018074_115479?spm=smpc.sub-channel.fd-news.288.1611374159318OAEUMi5,2021-01-22 04:57,观察者网,<p>【文/观察者网 鞠峰】特朗普政府抗疫不力，等拜登正式入主白宫时，全美新冠死亡数已经突破40万。且据美国疾病控制与预防中心（下简称：CDC）最新预测，未来3周，将有10万美国人死于新冠肺炎，总死亡数将破50万大关。 </p><p>据约翰斯·霍普金斯大学统计数据，有4000名美国人20日死于新冠肺炎，这是美国单日新增死亡数第三次突破这个数字，也让累计总死亡病例数来到406001例。 </p><p>据美国有线电视新闻网（CNN）21日晨报道，根据CDC最新发布的综合预测，美国新冠累计死亡病例将在2月13日达到508000例。CDC约一周前（13日）预测称，至2月6日，全美新冠死亡数将达到477000例。 </p><p>与此同时，疫苗已经开始分发，但各州官员表示供应不足。 </p><p>美国新冠日新增确诊病例数走势（去年3月至今，图源：CNN）</p><p>疫情“震中”形势仍然严峻</p><p>作为全美疫情最严重的地区，加利福尼亚州的各项疫情数据指标仍在拉伸，重症患者数、死亡数令人担忧。 </p><p>20日，加州新增新冠确诊病例22403例，新增死亡694例。日新增数远低于该州平均日新增数——38000例，但是日新增死亡数达到历史第二高。CNN称，洛杉矶地区入院新冠患者的死亡率，在最近几个月几乎翻倍。 </p><p>该州的洛杉矶县，不仅成为全美首个累计确诊病例破100万的县，当地卫生官员还于20日表示，目前入院患者的死亡率约为23%。 </p><p>该县卫生部门还称，新冠患者的平均住院天数从原来的7天增至9天半；这项数据反映了重症患者比例的增加。 </p><p>然而，当地的疫苗供给堪忧。加州流行病学家埃里卡·潘（Erica Pan）表示，可能需要四到五个月的时间，才能为州内所有65岁以上老人接种疫苗。 </p><p>据CNN此前报道，洛杉矶县由于死亡人数实在太多，近3000具尸体滞留医院和尸检部门，县官员被迫暂时放开了火葬数量的限制。 </p><p>1月18日，拜登就职典礼倒计时，国家广场插上美国国旗，代表因疫情无法参与就职典礼的美国人（图源：澎湃影像）</p><p>美国疫苗短缺成“日常”</p><p>CDC统计数据显示，截至20日，近220万美国人完成了疫苗的接种（也就是完成第二针的注射），不到美国人口的1%。 </p><p>纽约州长科莫（Andrew Cuomo）表示，该州每日接种约65000剂疫苗，按照这个接种速率，两三天后，就会没有疫苗可打。 </p><p>“未来的日常是，每周的疫苗供给都会被耗尽，然后等下周的配给到来，再开始接种，”科莫表示，“按照这个速度，需要7个半月，才能让现在有资格接种的人打上疫苗。” </p><p>纽约市市长白思豪（Bill de Blasio）15日表示，尽管纽约市正在提高疫苗接种能力，但该市每周获得的疫苗供应仍“微不足道”，仅为“10万剂”，这意味着疫苗将在未来一周耗尽。 </p><p>对美国联邦疫苗分配计划感到愤怒的，不止纽约州。 </p><p>俄勒冈州州长凯特·布朗（Kate Brown）当地时间15日在推特上指责联邦政府没有如实公布疫苗的真实库存数量，本州从联邦拿不到更多疫苗，致使该州疫苗接种进度受影响。 </p><p>布朗批评道：“这是一个全国性的骗局。俄勒冈州的老人、教师、还有我们所有人，都依赖于联邦疫苗存储系统中对我们发放疫苗的承诺。” </p><p>不过，抗击疫情是拜登政府当下最重视的议题之一。 </p><p>拜登就任总统后，不仅对美国民众发起“百日口罩挑战”，还新设了新冠对策协调员这个职位，负责疫苗、医疗器材的分发。此外，拜登还积极重返世卫组织，派出安东尼·福奇博士参加世卫组织执行委员会议。 </p><p>但CNN当地时间21日的最新消息称，拜登接手特朗普政府留下的疫苗分配计划，实际上是接手了个寂寞。一位消息人士告诉CNN，“没什么可以修整的，我们不得不将从头开始。”另一位消息人士也说，拜登政府显然必须从头开始，因为根本没有任何计划。 </p><p>据约翰斯·霍普金斯大学统计数据，美国20日新增新冠确诊病例17.8万例，累计超2443万人感染，超40万人死于新冠。 </p>,2021-01-22 04:57:00,60
福奇率团出席世卫会议：美国将恢复资助世卫，加入新冠疫苗实施计划,https://www.sohu.com/a/446018269_115479?spm=smpc.sub-channel.fd-news.263.1611374159318OAEUMi5,2021-01-22 04:57,观察者网,<p>【文/观察者网 王恺雯】拜登就职后，立马下令把美国“拉回”世界卫生组织（WHO），更派出首席医疗顾问安东尼·福奇（Anthony Fauci）率领美国代表团，参加正在举行的世卫组织执行委员会会议。 </p><p>据美联社报道，福奇1月21日通过视频出席世卫组织会议，他表示，美国将恢复对世卫组织的资金和人员支持，并计划加入“新冠肺炎疫苗实施计划（COVAX）”，为全球有需要的人提供疫苗和治疗方法。 </p><p>美联社及路透社报道截图</p><p>福奇表示：“我很荣幸地宣布，美国仍将是世卫组织的成员。”他说，拜登政府“将停止削减借调到世卫组织的美方工作人员”，恢复与世卫组织的“定期接触”，还打算“履行对世卫组织的财政义务”。 </p><p>另据路透社报道，福西21日还表示，美国欲加入“新冠肺炎疫苗实施计划（COVAX）”：“拜登总统今天（21日）晚些时候将发布一项命令，其中包括美国有意加入COVAX，并支持‘获取新冠肺炎相关工具’加速计划（Act-Accelerator），以推进在新冠疫苗、治疗、诊断方式、公平分配及研发等方面的多边合作。” </p><p>“新冠肺炎疫苗实施计划”由世界卫生组织和全球疫苗免疫联盟、流行病防范创新联盟共同牵头成立，拟于2021年底前向全球提供20亿剂新冠肺炎疫苗，供应给“自费经济体”和“受资助经济体”。中国已于2020年10月8日加入“新冠肺炎疫苗实施计划”。 </p><p>谭德塞表示：“这是世卫组织美好的一天，对全球健康而言也是美好的一天……美国的作用、其在全球扮演的角色是非常关键的。” </p><p>他当天还发推特，称“世卫组织是一个国际大家庭。我们都很高兴美国留在这个家里。” </p><p>谭德塞推特截图</p><p>2020年4月，特朗普政府宣布暂停资助世卫组织；同年7月，又宣布自2021年7月6日起退出世卫组织。美国国务院发言人摩根·奥特葛斯（Morgan Ortagus）去年9月曾指责世卫组织在应对新冠疫情以及其他卫生危机方面“严重失败”，还拒绝“改革”。 </p><p>福奇21日也提到了改革世卫组织。据法新社报道，福奇称，美国计划“与合作伙伴进行建设性合作，以加强对世卫组织的重要改革。” </p><p>不过，在应对新冠疫情方面，福奇对世卫组织予以肯定，称感谢世卫组织领导全球应对新冠疫情。 </p><p>法新社推特截图</p><p>与特朗普政府相比，拜登政府对世卫组织的态度可谓180度大转弯。联合国秘书长古特雷斯20日专门发声明对美国重返世卫组织表示欢迎，称“现在是团结的时候，也是国际社会团结一致共同努力阻止这一（新冠）病毒及其毁灭性后果的时候了。” </p>,2021-01-22 04:57:00,54
英国首相约翰逊：现在说英国全国新冠病毒封锁何时结束还为时过早,https://www.sohu.com/a/445980033_115362?spm=smpc.sub-channel.fd-news.307.1611374159318OAEUMi5,,每日经济新闻,<p>每经记者：蔡鼎 每经编辑：王晓波</p><p>每经AI快讯，英国首相鲍里斯·约翰逊周四表示，现在说英国全国新冠病毒封锁何时结束还为时过早，因为因感染新冠病毒的每日死亡人数创下新高，医院（的床位/资源）也越来越紧张。</p>,,65
印度疫苗制造商火灾已造成5人死亡，官员称阿斯利康新冠疫苗生产不会受...,https://www.sohu.com/a/445990706_115362?spm=smpc.sub-channel.fd-news.334.1611374159318OAEUMi5,,每日经济新闻,<p>每经记者：蔡鼎 每经编辑：王晓波</p><p>每经AI快讯，据路透社，一名政府官员表示，周四全球最大疫苗生产机构印度血清研究所（Serum Institute）发生大火造成5人死亡，但不会影响阿斯利康新冠肺炎疫苗的生产。</p>,,69
天津入境病例中首次检出英国发现的新冠病毒变异株,https://www.sohu.com/a/445983467_115479?spm=smpc.sub-channel.fd-news.359.1611374159318OAEUMi5,,观察者网,<p>据人民日报消息，1月18日，天津市疾控中心在对入境新冠肺炎阳性人员鼻咽拭子样本进行基因测序监测中，发现1株新冠病毒为英国发现的新冠病毒变异株，1月21日，经中国疾控中心复核，确认为英国发现的新冠病毒变异株，这是天津境外输入新冠肺炎确诊病例中，首次检出英国发现的新冠病毒变异株，且与近期国内其他省份本地病例的病毒无关联。 </p><p>该病例为我市第171例境外输入确诊病例，中国籍，近期居住地为加纳阿克拉，在法国巴黎乘坐CA934次航班，于1月7日抵达天津滨海国际机场，入关后即被集中隔离，1月8日诊断为新冠病毒无症状感染者，1月9日，因出现发热伴干咳症状，诊断为新冠肺炎确诊病例（轻型）。目前，该病例于我市定点医院单间隔离治疗。 </p>,,75
马克龙：在2020/21学年剩余的大部分时间里，为遏制新冠病毒传播而实施...,https://www.sohu.com/a/445966676_115362?spm=smpc.sub-channel.fd-news.379.1611374159318OAEUMi5,,每日经济新闻,<p>每经记者：蔡鼎 每经编辑：王晓波</p><p>每经AI快讯，据路透社，法国总统马克龙周四警告该国学生们，在2020/21学年剩余的大部分时间里，为遏制新冠病毒传播而实施的限制措施将继续存在。</p>,,79
东京奥组委再有2名职员确诊新冠肺炎 累计22人,https://www.sohu.com/a/445909028_255783?spm=smpc.sub-channel.fd-news.387.1611374159318OAEUMi5,,北青网,<p>图源/日本时事通信社</p><p>海外网1月21日电 据日本时事通信社报道，东京奥运会·残奥会组织委员会21日宣布，在东京都中央区办公室工作的2名职员确诊感染新冠肺炎。</p><p>据悉，一名30多岁女性职员于20日确诊，另一名40多岁男性职员于21日确诊。东京奥组委累计有22人确诊感染新冠肺炎。（海外网 王珊宁）</p>,,80
外媒：全球最大疫苗制造商印度浦那血清研究所发生火灾,https://www.sohu.com/a/445940962_115362?spm=smpc.sub-channel.fd-news.392.1611374159318OAEUMi5,,每日经济新闻,<p>每经记者：蔡鼎 每经编辑：步静</p><p>每经AI快讯，AFP援引当地媒体称，印度全球最大的疫苗制造商——印度浦那（Pune）血清研究所（Serum Institute）1号楼发生火灾，10名消防队员已赶到现场。</p>,,82
美媒民调：近九成民众认为美国疫情没有得到有效控制,https://www.sohu.com/a/445959123_119038?spm=smpc.sub-channel.fd-news.416.1611374159318OAEUMi5,,中国青年网,<p>图源：华盛顿邮报</p><p>据《华盛顿邮报》当地时间1月20日报道，特朗普卸任时刻，只有11%的美国人认同美国新冠疫情在很大程度上得到控制或完全得到控制，美国各党派的绝大多数人都认为，这种致命病毒只能说是在某种程度上得到控制或者完全没有得到控制。具体来看，约有20%的共和党人认为，美国疫情很大程度上得到有效控制，只有不到5%的共和党人认为疫情得到完全控制；民主党中认为新冠疫情完全没有得到控制的人数占比是共和党人的两倍多。</p><p>美媒提及，截至当地时间1月20日，美国有超过2400万人感染新冠病毒，共造成逾40万人死亡，这距离死亡人数达30万之间不到5周的时间。这意味着，新冠疫情蔓延速度加快，因为全美死亡人数从20万升至30万经过了12周的时间。英国近日发现的变异新冠病毒越来越令人担忧，英国科学家表示，这种变异病毒更易传播。美国疾控中心预测，这种病毒将在未来两个月内成为美国的主要毒株。</p><p>不过民调显示，尽管新冠疫情形势危急，美国民众对于新冠疫情危险程度持有不同态度，不同党派的美国人对于家人可能感染新冠病毒的看法也有所不同。80%的民主党人认为，他们对此感到十分担忧，而只有40%的共和党人和60%的无党派人士表达了略有担忧。</p><p>圣安东尼奥的73岁老人卡罗琳·詹姆斯（Carolyn James）说：“情况已经失控了。”民主党人詹姆斯与自己98岁的母亲生活在一起，她每次出门购物或者回自己的房子查收信件时，她的母亲都会交代：“一定要小心，要小心。”</p><p>两周前，詹姆斯所在公寓发现3人确诊，公寓中所有人都接受了新冠病毒检测。上周詹姆斯和母亲接种了第一剂辉瑞新冠疫苗，在等待第二针疫苗期间，詹姆斯坦言承担了巨大的心理压力，她说：“如果我出了问题，谁来照顾我的妈妈？”</p><p>密苏里州的共和党人德温·戴维斯（Dwin Davis）则有完全不同的看法。75岁的戴维斯目前在自己儿子的小型园林做绿化工作，戴维斯说：“我们的工作都在户外完成，不会接触到人群。”戴维斯表示尚未决定是否接种新冠疫苗，但他的妻子绝对不会。</p><p>此外，戴维斯还是一间小型基督教会的传教士，这座小教堂始建于19世纪，可容纳300人，戴维斯和他的妻子在感恩节筹集了18个家庭共同聚餐。“拯救身体和拯救灵魂，哪个更重要？”戴维斯说：“一位92岁的老人和一位在医院工作的人员在确诊新冠肺炎后就没有来参加活动了，我们不会出任何问题。”</p><p>就新冠疫苗而言，美媒民调结果表明，美国民众普遍愿意接种新冠疫苗，40%的美国民众表示，一旦有机会一定会接种新冠疫苗，另外23%的民众表示，他们或许会接种新冠疫苗。值得一提的是，在对新冠疫苗态度上也体现出了党派差异，大约一半的民主党人表达他们肯定会接种新冠疫苗，而这一比例在共和党人中只有四分之一。</p><p>民调还显示，60%的美国民众认为，即使以牺牲经济为代价，也要尝试控制新冠病毒，这对于美国来说更为重要。这件事在党派之间存在着明显分歧，90%的民主党人认为应该将控制新冠疫情放在优先位置，而60%的共和党人则表示，重启经济对于美国来说更为重要。</p>,,83
福奇：美国将支持国际新冠肺炎疫情应对措施，加入新冠肺炎疫苗实施计划,https://www.sohu.com/a/445935097_115362?spm=smpc.sub-channel.fd-news.422.1611374159318OAEUMi5,,每日经济新闻,<p>每经记者：蔡鼎 每经编辑：王鑫</p><p>美国国家过敏症和传染病研究所所长福奇：美国将支持国际新冠肺炎疫情应对措施，加入新冠肺炎疫苗实施计划（COVAX）；美国将对世卫组织”履行其财政义务“；感谢世卫组织领导全球新冠肺炎疫情应对工作。</p>,,86
